publish_date,sentiment_polarity,Date,sentiment_subjectivity,Open,High,Low,Close,Volume
{'$date': '2016-04-20T00:00:00.000+0000'},0.1317736892736893,2016-04-20,0.4623941798941799,758.0,758.13,750.01,752.67,1525591.0
{'$date': '2016-02-12T00:00:00.000+0000'},0.1708989243080153,2016-02-12,0.5162645120031484,690.26,693.75,678.6,682.4,2129831.0
{'$date': '2016-03-17T00:00:00.000+0000'},0.01356902356902357,2016-03-17,0.3609553872053872,736.45,743.07,736.0,737.78,1856800.0
{'$date': '2016-05-12T23:42:16.000+0000'},0.15946969696969698,2016-05-12,0.5884018759018758,717.06,719.25,709.0,713.31,1360732.0
{'$date': '2016-06-17T09:15:00.000+0000'},0.1522950630193621,2016-06-17,0.4627828678763257,708.65,708.82,688.45,691.72,3402357.0
{'$date': '2016-04-27T00:00:00.000+0000'},0.1776802033944891,2016-04-27,0.5279639936782794,707.29,708.98,692.37,705.84,3086722.0
{'$date': '2016-06-24T05:55:00.000+0000'},0.1935858585858586,2016-06-24,0.5009848484848486,675.17,689.4,673.45,675.22,4449022.0
{'$date': '2016-05-20T00:00:00.000+0000'},0.05941451640464801,2016-05-20,0.4655426444900129,701.62,714.58,700.52,709.74,1816027.0
{'$date': '2016-05-20T00:00:00.000+0000'},0.2367931547619047,2016-05-20,0.3905505952380952,701.62,714.58,700.52,709.74,1816027.0
{'$date': '2016-06-29T00:00:00.000+0000'},0.1626666666666667,2016-06-29,0.595,683.0,687.43,681.41,684.11,1932561.0
{'$date': '2016-06-29T00:00:00.000+0000'},0.1055860930735931,2016-06-29,0.5265770562770562,683.0,687.43,681.41,684.11,1932561.0
{'$date': '2016-07-12T00:00:00.000+0000'},0.07229437229437229,2016-07-12,0.5456709956709958,719.12,722.94,715.91,720.64,1336921.0
{'$date': '2016-07-21T00:00:00.000+0000'},-0.02528232636928289,2016-07-21,0.4391727837380012,740.36,741.69,735.83,738.63,1026306.0
{'$date': '2016-06-08T00:00:00.000+0000'},0.2440927128427128,2016-06-08,0.5321608946608948,723.96,728.57,720.58,728.28,1583701.0
{'$date': '2017-01-10T15:59:00.900+0000'},0.1316590307840308,2017-01-10,0.48891546416546394,807.86,809.13,803.51,804.79,1176780.0
{'$date': '2017-01-10T00:00:00.000+0000'},0.2633333333333333,2017-01-10,0.5091666666666668,807.86,809.13,803.51,804.79,1176780.0
{'$date': '2017-01-10T00:00:00.000+0000'},0.1516326051209772,2017-01-10,0.4773843081982616,807.86,809.13,803.51,804.79,1176780.0
{'$date': '2017-01-10T00:00:00.000+0000'},0.1516326051209772,2017-01-10,0.4773843081982616,807.86,809.13,803.51,804.79,1176780.0
{'$date': '2017-02-06T00:00:00.000+0000'},0.06658249158249159,2017-02-06,0.4651515151515151,799.7,801.67,795.25,801.34,1184483.0
{'$date': '2017-02-06T00:00:00.000+0000'},0.07936524186524188,2017-02-06,0.4034456534456535,799.7,801.67,795.25,801.34,1184483.0
{'$date': '2017-02-06T00:00:00.000+0000'},0.07936524186524188,2017-02-06,0.4034456534456535,799.7,801.67,795.25,801.34,1184483.0
{'$date': '2016-06-16T00:00:00.000+0000'},0.1897727272727273,2016-06-16,0.3623376623376623,714.91,716.65,703.26,710.36,1982471.0
{'$date': '2017-01-19T00:00:00.000+0000'},0.1884380952380953,2017-01-19,0.5723333333333334,805.12,809.48,801.8,802.18,919325.0
{'$date': '2017-01-19T00:00:00.000+0000'},0.2272727272727273,2017-01-19,0.4005050505050505,805.12,809.48,801.8,802.18,919325.0
{'$date': '2017-01-19T00:00:00.000+0000'},0.1975308641975308,2017-01-19,0.6533950617283951,805.12,809.48,801.8,802.18,919325.0
{'$date': '2017-01-19T00:00:00.000+0000'},0.2272727272727273,2017-01-19,0.4005050505050505,805.12,809.48,801.8,802.18,919325.0
{'$date': '2017-01-19T00:00:00.000+0000'},0.1975308641975308,2017-01-19,0.6533950617283951,805.12,809.48,801.8,802.18,919325.0
{'$date': '2016-10-20T00:00:00.000+0000'},0.1006006493506493,2016-10-20,0.4900279581529579,803.3,803.97,796.03,796.97,1757528.0
{'$date': '2016-10-20T00:00:00.000+0000'},0.2396464646464646,2016-10-20,0.4671717171717172,803.3,803.97,796.03,796.97,1757528.0
{'$date': '2016-06-09T00:00:00.000+0000'},0.09498914429129153,2016-06-09,0.4094114457458014,722.87,729.54,722.34,728.58,988914.0
{'$date': '2016-06-09T00:00:00.000+0000'},0.06077907819014537,2016-06-09,0.3784864323204246,722.87,729.54,722.34,728.58,988914.0
{'$date': '2016-06-09T00:00:00.000+0000'},0.06077907819014537,2016-06-09,0.3784864323204246,722.87,729.54,722.34,728.58,988914.0
{'$date': '2016-11-21T00:00:00.000+0000'},0.09399561477483556,2016-11-21,0.4235691797380109,762.61,769.7,760.6,769.2,1330639.0
{'$date': '2016-11-21T00:00:00.000+0000'},0.11436775590001401,2016-11-21,0.507436112274822,762.61,769.7,760.6,769.2,1330639.0
{'$date': '2016-11-21T00:00:00.000+0000'},0.11436775590001401,2016-11-21,0.507436112274822,762.61,769.7,760.6,769.2,1330639.0
{'$date': '2016-10-14T07:00:00.000+0000'},0.061153515100883515,2016-10-14,0.3967797017797018,781.65,783.95,776.0,778.53,852487.0
{'$date': '2016-10-14T00:00:00.000+0000'},0.1462222222222222,2016-10-14,0.5576666666666665,781.65,783.95,776.0,778.53,852487.0
{'$date': '2016-10-14T00:00:00.000+0000'},0.1462222222222222,2016-10-14,0.5576666666666665,781.65,783.95,776.0,778.53,852487.0
{'$date': '2016-09-16T00:00:00.000+0000'},0.03522727272727275,2016-09-16,0.4011363636363638,769.75,769.75,764.66,768.88,2049338.0
{'$date': '2016-09-19T00:00:00.000+0000'},0.0495,2016-09-19,0.461,772.42,774.0,764.44,765.7,1172824.0
{'$date': '2016-09-19T00:00:00.000+0000'},0.2042266824085006,2016-09-19,0.4691145218417946,772.42,774.0,764.44,765.7,1172824.0
{'$date': '2016-09-19T00:00:00.000+0000'},0.2042266824085006,2016-09-19,0.4691145218417946,772.42,774.0,764.44,765.7,1172824.0
{'$date': '2016-12-05T00:00:00.000+0000'},0.0001322751322751411,2016-12-05,0.4268298059964727,757.71,763.9,752.9,762.52,1394223.0
{'$date': '2016-12-05T00:00:00.000+0000'},-0.08980716253443523,2016-12-05,0.4986225895316805,757.71,763.9,752.9,762.52,1394223.0
{'$date': '2016-12-05T00:00:00.000+0000'},-0.08980716253443523,2016-12-05,0.4986225895316805,757.71,763.9,752.9,762.52,1394223.0
{'$date': '2016-09-13T00:00:00.000+0000'},0.0188453500522466,2016-09-13,0.4905798990281747,764.48,766.22,755.8,759.69,1395046.0
{'$date': '2016-05-04T00:00:00.000+0000'},0.1883886800334169,2016-05-04,0.4102234753550543,690.49,699.75,689.01,695.7,1688569.0
{'$date': '2016-05-04T13:02:20.000+0000'},0.030798947887555488,2016-05-04,0.4768121119386942,690.49,699.75,689.01,695.7,1688569.0
{'$date': '2016-05-04T13:02:20.000+0000'},0.030798947887555488,2016-05-04,0.4768121119386942,690.49,699.75,689.01,695.7,1688569.0
{'$date': '2016-08-10T00:00:00.000+0000'},0.03424479166666667,2016-08-10,0.3339556277056277,783.75,786.81,782.78,784.68,786363.0
{'$date': '2016-11-17T00:00:00.000+0000'},0.0537704918032787,2016-11-17,0.5271783407848982,766.92,772.7,764.23,771.23,1286961.0
{'$date': '2017-01-20T00:00:00.000+0000'},0.16305361305361302,2017-01-20,0.5356060606060606,806.91,806.91,801.69,805.02,1670045.0
{'$date': '2017-01-20T00:00:00.000+0000'},0.2165906165906167,2017-01-20,0.4396220896220896,806.91,806.91,801.69,805.02,1670045.0
{'$date': '2017-01-20T00:00:00.000+0000'},0.1332178932178932,2017-01-20,0.3323665223665224,806.91,806.91,801.69,805.02,1670045.0
{'$date': '2017-01-20T00:00:00.000+0000'},0.2165906165906167,2017-01-20,0.4396220896220896,806.91,806.91,801.69,805.02,1670045.0
{'$date': '2017-01-20T00:00:00.000+0000'},0.1332178932178932,2017-01-20,0.3323665223665224,806.91,806.91,801.69,805.02,1670045.0
{'$date': '2016-10-11T00:00:00.000+0000'},0.2833333333333334,2016-10-11,0.4244444444444445,786.66,792.28,780.58,783.07,1372461.0
{'$date': '2016-09-01T00:00:00.000+0000'},0.1965759814897746,2016-09-01,0.4539591155970466,769.25,771.02,764.3,768.78,925131.0
{'$date': '2016-10-05T00:00:00.000+0000'},0.2039756329529057,2016-10-05,0.5438202370020551,779.31,782.07,775.65,776.47,1461151.0
{'$date': '2016-09-27T00:00:00.000+0000'},0.1576526130873957,2016-09-27,0.4466183574879227,775.5,785.99,774.31,783.01,1153247.0
{'$date': '2016-09-27T00:00:00.000+0000'},0.1056442806442806,2016-09-27,0.3909363909363909,775.5,785.99,774.31,783.01,1153247.0
{'$date': '2016-11-16T00:00:00.000+0000'},0.2004133597883598,2016-11-16,0.4711309523809525,755.2,766.36,750.51,764.48,1472594.0
{'$date': '2016-10-24T00:00:00.000+0000'},0.1880881180223286,2016-10-24,0.4276913875598087,804.9,815.18,804.82,813.11,1697514.0
{'$date': '2017-01-23T00:00:00.000+0000'},0.1488357073034492,2017-01-23,0.473819997207094,807.25,820.87,803.74,819.31,1963628.0
{'$date': '2016-11-02T00:00:00.000+0000'},0.1225044563279857,2016-11-02,0.451403743315508,778.2,781.65,763.45,768.7,1918414.0
{'$date': '2016-09-26T00:00:00.000+0000'},0.04871951219512194,2016-09-26,0.478780487804878,782.74,782.74,773.07,774.21,1533206.0
{'$date': '2016-09-26T19:43:15.000+0000'},0.1309069387052341,2016-09-26,0.4368874417880097,782.74,782.74,773.07,774.21,1533206.0
{'$date': '2016-09-26T19:43:15.000+0000'},0.1309069387052341,2016-09-26,0.4368874417880097,782.74,782.74,773.07,774.21,1533206.0
{'$date': '2016-12-21T00:00:00.000+0000'},0.2727272727272727,2016-12-21,0.5049242424242424,795.84,796.68,787.1,794.56,1211346.0
{'$date': '2016-12-19T00:00:00.000+0000'},0.0764968364968365,2016-12-19,0.3892161542161542,790.22,797.66,786.27,794.2,1232087.0
{'$date': '2016-12-19T00:00:00.000+0000'},0.1082345191040843,2016-12-19,0.4036561264822134,790.22,797.66,786.27,794.2,1232087.0
{'$date': '2016-12-19T00:00:00.000+0000'},0.1423160173160173,2016-12-19,0.4159740259740259,790.22,797.66,786.27,794.2,1232087.0
{'$date': '2016-12-19T00:00:00.000+0000'},0.1082345191040843,2016-12-19,0.4036561264822134,790.22,797.66,786.27,794.2,1232087.0
{'$date': '2016-12-19T00:00:00.000+0000'},0.1423160173160173,2016-12-19,0.4159740259740259,790.22,797.66,786.27,794.2,1232087.0
{'$date': '2016-10-07T00:00:00.000+0000'},0.07567920585161965,2016-10-07,0.4571839080459771,779.66,779.66,770.75,775.08,933158.0
{'$date': '2017-02-24T06:42:58.000+0000'},0.08177807486631015,2017-02-24,0.343412910618793,827.73,829.0,824.2,828.64,1392202.0
{'$date': '2017-02-24T00:00:00.000+0000'},0.05898617511520737,2017-02-24,0.5435739887352792,827.73,829.0,824.2,828.64,1392202.0
{'$date': '2017-02-24T00:00:00.000+0000'},0.04082167832167833,2017-02-24,0.4074397824397825,827.73,829.0,824.2,828.64,1392202.0
{'$date': '2017-02-24T00:00:00.000+0000'},0.05898617511520737,2017-02-24,0.5435739887352792,827.73,829.0,824.2,828.64,1392202.0
{'$date': '2017-02-24T00:00:00.000+0000'},0.04082167832167833,2017-02-24,0.4074397824397825,827.73,829.0,824.2,828.64,1392202.0
{'$date': '2016-11-01T00:00:00.000+0000'},0.2238888888888889,2016-11-01,0.5593223905723906,782.89,789.49,775.54,783.61,2406356.0
{'$date': '2016-10-18T14:51:02.000+0000'},0.2793703703703703,2016-10-18,0.5227777777777778,787.85,801.61,785.56,795.26,2056903.0
{'$date': '2016-10-18T16:21:00.000+0000'},0.25085434847339605,2016-10-18,0.521645594264642,787.85,801.61,785.56,795.26,2056903.0
{'$date': '2016-10-18T16:21:00.000+0000'},0.25085434847339605,2016-10-18,0.521645594264642,787.85,801.61,785.56,795.26,2056903.0
{'$date': '2016-10-18T00:00:00.000+0000'},0.1905610627552118,2016-10-18,0.5048207185840163,787.85,801.61,785.56,795.26,2056903.0
{'$date': '2016-10-18T00:00:00.000+0000'},0.1905610627552118,2016-10-18,0.5048207185840163,787.85,801.61,785.56,795.26,2056903.0
{'$date': '2016-05-18T00:00:00.000+0000'},0.2339053803339518,2016-05-18,0.5563852813852813,703.67,711.6,700.63,706.63,1763394.0
{'$date': '2017-01-04T00:00:00.000+0000'},0.05244904907826256,2017-01-04,0.4109234398560241,788.36,791.34,783.16,786.9,1072958.0
{'$date': '2017-01-04T00:00:00.000+0000'},0.0782417894605395,2017-01-04,0.4437931443556442,788.36,791.34,783.16,786.9,1072958.0
{'$date': '2017-01-04T00:00:00.000+0000'},0.0782417894605395,2017-01-04,0.4437931443556442,788.36,791.34,783.16,786.9,1072958.0
{'$date': '2016-10-26T00:00:00.000+0000'},0.1321535156762429,2016-10-26,0.4151422230967687,806.34,806.98,796.32,799.07,1647733.0
{'$date': '2016-10-28T00:00:00.000+0000'},0.04011904761904762,2016-10-28,0.5209761904761905,808.35,815.49,793.59,795.37,4269902.0
{'$date': '2016-10-28T00:00:00.000+0000'},0.1235310950536515,2016-10-28,0.5063858238670269,808.35,815.49,793.59,795.37,4269902.0
{'$date': '2016-10-28T00:00:00.000+0000'},0.04011904761904762,2016-10-28,0.5209761904761905,808.35,815.49,793.59,795.37,4269902.0
{'$date': '2016-10-28T00:00:00.000+0000'},0.1235310950536515,2016-10-28,0.5063858238670269,808.35,815.49,793.59,795.37,4269902.0
{'$date': '2016-11-15T00:00:00.000+0000'},0.1354890007951233,2016-11-15,0.3849191624701828,746.97,764.42,746.97,758.49,2384001.0
{'$date': '2016-11-15T00:00:00.000+0000'},0.1157608695652175,2016-11-15,0.4258410973084885,746.97,764.42,746.97,758.49,2384001.0
{'$date': '2016-11-15T00:00:00.000+0000'},0.1816399286987523,2016-11-15,0.5317736185383245,746.97,764.42,746.97,758.49,2384001.0
{'$date': '2016-11-15T00:00:00.000+0000'},0.1227675693101225,2016-11-15,0.6415538362346871,746.97,764.42,746.97,758.49,2384001.0
{'$date': '2016-11-15T14:53:11.000+0000'},-0.1039528777233695,2016-11-15,0.6086807181889148,746.97,764.42,746.97,758.49,2384001.0
{'$date': '2016-11-15T00:00:00.000+0000'},0.1354890007951233,2016-11-15,0.3849191624701828,746.97,764.42,746.97,758.49,2384001.0
{'$date': '2016-11-15T00:00:00.000+0000'},0.1157608695652175,2016-11-15,0.4258410973084885,746.97,764.42,746.97,758.49,2384001.0
{'$date': '2016-11-15T00:00:00.000+0000'},0.1816399286987523,2016-11-15,0.5317736185383245,746.97,764.42,746.97,758.49,2384001.0
{'$date': '2016-11-15T00:00:00.000+0000'},0.1227675693101225,2016-11-15,0.6415538362346871,746.97,764.42,746.97,758.49,2384001.0
{'$date': '2016-11-15T14:53:11.000+0000'},-0.1039528777233695,2016-11-15,0.6086807181889148,746.97,764.42,746.97,758.49,2384001.0
{'$date': '2017-01-27T00:00:00.000+0000'},0.1034334415584416,2017-01-27,0.5207481060606062,834.71,841.95,820.44,823.31,2965771.0
{'$date': '2017-01-27T00:00:00.000+0000'},0.08927368927368927,2017-01-27,0.3527729677729677,834.71,841.95,820.44,823.31,2965771.0
{'$date': '2017-01-27T00:00:00.000+0000'},0.08294913419913423,2017-01-27,0.2991345539706196,834.71,841.95,820.44,823.31,2965771.0
{'$date': '2017-01-27T00:00:00.000+0000'},0.1034334415584416,2017-01-27,0.5207481060606062,834.71,841.95,820.44,823.31,2965771.0
{'$date': '2017-01-27T00:00:00.000+0000'},0.08927368927368927,2017-01-27,0.3527729677729677,834.71,841.95,820.44,823.31,2965771.0
{'$date': '2017-01-27T00:00:00.000+0000'},0.08294913419913423,2017-01-27,0.2991345539706196,834.71,841.95,820.44,823.31,2965771.0
{'$date': '2017-01-27T00:00:00.000+0000'},0.006393501339929911,2017-01-27,0.3513341579055865,834.71,841.95,820.44,823.31,2965771.0
{'$date': '2017-01-27T00:00:00.000+0000'},0.006393501339929911,2017-01-27,0.3513341579055865,834.71,841.95,820.44,823.31,2965771.0
{'$date': '2017-02-08T00:00:00.000+0000'},0.1454766628873772,2017-02-08,0.4537691144834002,807.0,811.84,803.19,808.38,1155990.0
{'$date': '2017-02-08T00:00:00.000+0000'},0.1454766628873772,2017-02-08,0.4537691144834002,807.0,811.84,803.19,808.38,1155990.0
{'$date': '2017-02-08T00:00:00.000+0000'},0.1932744107744108,2017-02-08,0.5055521351076907,807.0,811.84,803.19,808.38,1155990.0
{'$date': '2017-02-08T00:00:00.000+0000'},0.1932744107744108,2017-02-08,0.5055521351076907,807.0,811.84,803.19,808.38,1155990.0
{'$date': '2017-02-15T20:28:23.000+0000'},0.07884810405643736,2017-02-15,0.4304442239858906,819.36,823.0,818.47,818.98,1313617.0
{'$date': '2017-02-15T20:28:23.000+0000'},0.07884810405643736,2017-02-15,0.4304442239858906,819.36,823.0,818.47,818.98,1313617.0
{'$date': '2016-11-22T00:00:00.000+0000'},0.1318886539816773,2016-11-22,0.5047040169133191,772.63,776.96,767.0,768.27,1593108.0
{'$date': '2016-11-22T00:00:00.000+0000'},0.1318886539816773,2016-11-22,0.5047040169133191,772.63,776.96,767.0,768.27,1593108.0
{'$date': '2017-01-24T00:00:00.000+0000'},0.1754684601113173,2017-01-24,0.4365646258503401,822.3,825.9,817.82,823.87,1474010.0
{'$date': '2017-01-24T00:00:00.000+0000'},0.1754684601113173,2017-01-24,0.4365646258503401,822.3,825.9,817.82,823.87,1474010.0
{'$date': '2016-11-04T00:00:00.000+0000'},0.1291222170686456,2016-11-04,0.4047483766233766,750.66,770.36,750.56,762.02,2134812.0
{'$date': '2016-11-04T00:00:00.000+0000'},0.1291222170686456,2016-11-04,0.4047483766233766,750.66,770.36,750.56,762.02,2134812.0
{'$date': '2017-02-21T00:00:00.000+0000'},0.154040404040404,2017-02-21,0.5155050505050507,828.66,833.45,828.35,831.66,1262337.0
{'$date': '2017-02-21T00:00:00.000+0000'},0.154040404040404,2017-02-21,0.5155050505050507,828.66,833.45,828.35,831.66,1262337.0
{'$date': '2016-09-08T00:00:00.000+0000'},0.1613105448011109,2016-09-08,0.4420668953687822,778.59,780.35,773.58,775.32,1270264.0
{'$date': '2016-09-08T00:00:00.000+0000'},0.1613105448011109,2016-09-08,0.4420668953687822,778.59,780.35,773.58,775.32,1270264.0
{'$date': '2017-02-01T00:00:00.000+0000'},0.060487734487734486,2017-02-01,0.3493261183261184,799.68,801.19,791.19,795.7,2029744.0
{'$date': '2017-02-01T00:00:00.000+0000'},0.060487734487734486,2017-02-01,0.3493261183261184,799.68,801.19,791.19,795.7,2029744.0
{'$date': '2017-02-01T00:00:00.000+0000'},0.1450757575757576,2017-02-01,0.4169886363636363,799.68,801.19,791.19,795.7,2029744.0
{'$date': '2017-02-01T00:00:00.000+0000'},0.09603607503607504,2017-02-01,0.3716652236652237,799.68,801.19,791.19,795.7,2029744.0
{'$date': '2017-02-01T00:00:00.000+0000'},0.1450757575757576,2017-02-01,0.4169886363636363,799.68,801.19,791.19,795.7,2029744.0
{'$date': '2017-02-01T00:00:00.000+0000'},0.09603607503607504,2017-02-01,0.3716652236652237,799.68,801.19,791.19,795.7,2029744.0
{'$date': '2017-01-12T00:00:00.000+0000'},0.07296401515151515,2017-01-12,0.4675189393939393,807.14,807.39,799.17,806.36,1353057.0
{'$date': '2017-01-12T00:00:00.000+0000'},0.07296401515151515,2017-01-12,0.4675189393939393,807.14,807.39,799.17,806.36,1353057.0
{'$date': '2017-02-13T00:00:00.000+0000'},0.1596910665092483,2017-02-13,0.340267119244392,816.0,820.96,815.49,819.24,1213324.0
{'$date': '2017-02-13T00:00:00.000+0000'},0.1224961252739031,2017-02-13,0.4258885147774036,816.0,820.96,815.49,819.24,1213324.0
{'$date': '2017-02-13T00:00:00.000+0000'},0.1596910665092483,2017-02-13,0.340267119244392,816.0,820.96,815.49,819.24,1213324.0
{'$date': '2017-02-13T00:00:00.000+0000'},0.1224961252739031,2017-02-13,0.4258885147774036,816.0,820.96,815.49,819.24,1213324.0
{'$date': '2016-12-23T00:00:00.000+0000'},0.1434659090909091,2016-12-23,0.4886363636363636,790.9,792.74,787.28,789.91,623944.0
{'$date': '2016-12-23T00:00:00.000+0000'},0.1434659090909091,2016-12-23,0.4886363636363636,790.9,792.74,787.28,789.91,623944.0
{'$date': '2016-12-09T12:17:34.000+0000'},0.08364045864045865,2016-12-09,0.37486544986545006,780.0,789.43,779.02,789.29,1821914.0
{'$date': '2016-12-09T12:17:34.000+0000'},0.08364045864045865,2016-12-09,0.37486544986545006,780.0,789.43,779.02,789.29,1821914.0
{'$date': '2016-12-20T00:00:00.000+0000'},0.00944616977225673,2016-12-20,0.5179606625258798,796.76,798.65,793.27,796.42,951014.0
{'$date': '2016-12-20T00:00:00.000+0000'},0.00944616977225673,2016-12-20,0.5179606625258798,796.76,798.65,793.27,796.42,951014.0
{'$date': '2016-11-10T14:00:00.000+0000'},0.09307239057239056,2016-11-10,0.5811779358207928,791.17,791.17,752.18,762.56,4745183.0
{'$date': '2016-11-10T14:00:00.000+0000'},0.09307239057239056,2016-11-10,0.5811779358207928,791.17,791.17,752.18,762.56,4745183.0
{'$date': '2016-11-10T00:00:00.000+0000'},0.1695391414141414,2016-11-10,0.4503690753690754,791.17,791.17,752.18,762.56,4745183.0
{'$date': '2016-11-10T00:00:00.000+0000'},0.1695391414141414,2016-11-10,0.4503690753690754,791.17,791.17,752.18,762.56,4745183.0
{'$date': '2017-01-25T00:00:00.000+0000'},-0.1374007936507936,2017-01-25,0.5267551892551893,829.62,835.77,825.06,835.67,1627304.0
{'$date': '2017-01-25T00:00:00.000+0000'},-0.1374007936507936,2017-01-25,0.5267551892551893,829.62,835.77,825.06,835.67,1627304.0
{'$date': '2016-09-22T00:00:00.000+0000'},0.1387626262626263,2016-09-22,0.5181265782828284,780.0,789.85,778.44,787.21,1486223.0
{'$date': '2016-09-22T00:00:00.000+0000'},0.1387626262626263,2016-09-22,0.5181265782828284,780.0,789.85,778.44,787.21,1486223.0
{'$date': '2017-02-23T00:00:00.000+0000'},0.0713572802858517,2017-02-23,0.3831224661581804,830.12,832.46,822.88,831.33,1472771.0
{'$date': '2017-02-23T00:00:00.000+0000'},0.0713572802858517,2017-02-23,0.3831224661581804,830.12,832.46,822.88,831.33,1472771.0
{'$date': '2017-02-23T00:00:00.000+0000'},0.01049999999999999,2017-02-23,0.5393333333333333,830.12,832.46,822.88,831.33,1472771.0
{'$date': '2017-02-23T00:00:00.000+0000'},0.02362083568605309,2017-02-23,0.48929324298889504,830.12,832.46,822.88,831.33,1472771.0
{'$date': '2017-02-23T00:00:00.000+0000'},0.01049999999999999,2017-02-23,0.5393333333333333,830.12,832.46,822.88,831.33,1472771.0
{'$date': '2017-02-23T00:00:00.000+0000'},0.02362083568605309,2017-02-23,0.48929324298889504,830.12,832.46,822.88,831.33,1472771.0
{'$date': '2016-12-14T00:00:00.000+0000'},0.1025,2016-12-14,0.4641071428571428,797.4,804.0,794.01,797.07,1704150.0
{'$date': '2016-12-14T00:00:00.000+0000'},0.1025,2016-12-14,0.4641071428571428,797.4,804.0,794.01,797.07,1704150.0
{'$date': '2016-10-04T00:00:00.000+0000'},0.1432088744588744,2016-10-04,0.436883541295306,776.03,778.71,772.89,776.43,1201350.0
{'$date': '2016-10-04T00:00:00.000+0000'},0.1432088744588744,2016-10-04,0.436883541295306,776.03,778.71,772.89,776.43,1201350.0
{'$date': '2016-10-04T00:00:00.000+0000'},0.0912606077784649,2016-10-04,0.4215221947364804,776.03,778.71,772.89,776.43,1201350.0
{'$date': '2016-10-04T00:00:00.000+0000'},0.09186147186147184,2016-10-04,0.4411136363636364,776.03,778.71,772.89,776.43,1201350.0
{'$date': '2016-10-04T00:00:00.000+0000'},0.2616003787878788,2016-10-04,0.4971500721500722,776.03,778.71,772.89,776.43,1201350.0
{'$date': '2016-10-04T00:00:00.000+0000'},0.0912606077784649,2016-10-04,0.4215221947364804,776.03,778.71,772.89,776.43,1201350.0
{'$date': '2016-10-04T00:00:00.000+0000'},0.09186147186147184,2016-10-04,0.4411136363636364,776.03,778.71,772.89,776.43,1201350.0
{'$date': '2016-10-04T00:00:00.000+0000'},0.2616003787878788,2016-10-04,0.4971500721500722,776.03,778.71,772.89,776.43,1201350.0
{'$date': '2016-12-07T00:00:00.000+0000'},-0.03998443077390445,2016-12-07,0.5201545530492899,761.0,771.36,755.8,771.19,1760966.0
{'$date': '2016-12-07T00:00:00.000+0000'},-0.03998443077390445,2016-12-07,0.5201545530492899,761.0,771.36,755.8,771.19,1760966.0
{'$date': '2017-02-16T00:00:00.000+0000'},-0.03771645021645022,2017-02-16,0.2529761904761905,819.93,824.4,818.98,824.16,1287626.0
{'$date': '2017-02-16T00:00:00.000+0000'},-0.03771645021645022,2017-02-16,0.2529761904761905,819.93,824.4,818.98,824.16,1287626.0
{'$date': '2017-02-16T00:52:10.000+0000'},0.1698615725359911,2017-02-16,0.4707530454042081,819.93,824.4,818.98,824.16,1287626.0
{'$date': '2017-02-16T00:52:10.000+0000'},0.1698615725359911,2017-02-16,0.4707530454042081,819.93,824.4,818.98,824.16,1287626.0
{'$date': '2016-11-30T00:00:00.000+0000'},0.1446969696969697,2016-11-30,0.4087121212121212,770.07,772.99,754.83,758.04,2392890.0
{'$date': '2016-11-30T00:00:00.000+0000'},0.1446969696969697,2016-11-30,0.4087121212121212,770.07,772.99,754.83,758.04,2392890.0
{'$date': '2016-09-21T04:01:00.000+0000'},0.1464728453364817,2016-09-21,0.5346136691591237,772.66,777.16,768.3,776.22,1167810.0
{'$date': '2016-09-21T04:01:00.000+0000'},0.1464728453364817,2016-09-21,0.5346136691591237,772.66,777.16,768.3,776.22,1167810.0
{'$date': '2016-11-07T00:00:00.000+0000'},0.14162814586543399,2016-11-07,0.4317221855357447,774.5,785.19,772.55,782.52,1585070.0
{'$date': '2016-11-07T00:00:00.000+0000'},0.14162814586543399,2016-11-07,0.4317221855357447,774.5,785.19,772.55,782.52,1585070.0
{'$date': '2016-10-31T00:00:00.000+0000'},0.04840686274509804,2016-10-31,0.5692051820728291,795.47,796.86,784.0,784.54,2427284.0
{'$date': '2016-10-31T00:00:00.000+0000'},0.04840686274509804,2016-10-31,0.5692051820728291,795.47,796.86,784.0,784.54,2427284.0
{'$date': '2016-12-29T00:00:00.000+0000'},0.06087412587412588,2016-12-29,0.4602214452214453,783.33,785.93,778.92,782.79,744272.0
{'$date': '2016-12-29T00:00:00.000+0000'},0.06087412587412588,2016-12-29,0.4602214452214453,783.33,785.93,778.92,782.79,744272.0
{'$date': '2016-12-29T00:00:00.000+0000'},0.3446793002915452,2016-12-29,0.4666909620991254,783.33,785.93,778.92,782.79,744272.0
{'$date': '2016-12-29T00:00:00.000+0000'},0.3446793002915452,2016-12-29,0.4666909620991254,783.33,785.93,778.92,782.79,744272.0
{'$date': '2016-11-03T00:00:00.000+0000'},0.1241523619127786,2016-11-03,0.4902228134519804,767.25,769.95,759.03,762.13,1943175.0
{'$date': '2016-11-03T00:00:00.000+0000'},0.1241523619127786,2016-11-03,0.4902228134519804,767.25,769.95,759.03,762.13,1943175.0
{'$date': '2016-11-03T13:00:00.000+0000'},0.1782766743060861,2016-11-03,0.4545190197291036,767.25,769.95,759.03,762.13,1943175.0
{'$date': '2016-11-03T13:00:00.000+0000'},0.1782766743060861,2016-11-03,0.4545190197291036,767.25,769.95,759.03,762.13,1943175.0
{'$date': '2016-11-18T00:00:00.000+0000'},0.2248048668503214,2016-11-18,0.4218483536665356,771.37,775.0,760.0,760.54,1547145.0
{'$date': '2016-11-18T00:00:00.000+0000'},0.2248048668503214,2016-11-18,0.4218483536665356,771.37,775.0,760.0,760.54,1547145.0
{'$date': '2017-02-22T00:00:00.000+0000'},0.03703703703703705,2017-02-22,0.4339031339031339,828.66,833.25,828.64,830.76,987248.0
{'$date': '2017-02-22T00:00:00.000+0000'},0.03703703703703705,2017-02-22,0.4339031339031339,828.66,833.25,828.64,830.76,987248.0
{'$date': '2017-03-17T00:00:00.000+0000'},0.08867132867132868,2017-03-17,0.3859655728886497,851.61,853.4,847.11,852.12,1716471.0
{'$date': '2017-03-17T00:00:00.000+0000'},0.1669015151515152,2017-03-17,0.5272272727272727,851.61,853.4,847.11,852.12,1716471.0
{'$date': '2017-03-17T00:00:00.000+0000'},-0.010076164874551959,2017-03-17,0.3800358422939067,851.61,853.4,847.11,852.12,1716471.0
{'$date': '2017-03-17T00:00:00.000+0000'},0.05525671775671775,2017-03-17,0.4049383799383799,851.61,853.4,847.11,852.12,1716471.0
{'$date': '2017-03-17T00:00:00.000+0000'},0.02068209568209569,2017-03-17,0.4231171606171607,851.61,853.4,847.11,852.12,1716471.0
{'$date': '2017-03-17T00:00:00.000+0000'},0.08867132867132868,2017-03-17,0.3859655728886497,851.61,853.4,847.11,852.12,1716471.0
{'$date': '2017-03-17T00:00:00.000+0000'},0.1669015151515152,2017-03-17,0.5272272727272727,851.61,853.4,847.11,852.12,1716471.0
{'$date': '2017-03-17T00:00:00.000+0000'},-0.010076164874551959,2017-03-17,0.3800358422939067,851.61,853.4,847.11,852.12,1716471.0
{'$date': '2017-03-17T00:00:00.000+0000'},0.05525671775671775,2017-03-17,0.4049383799383799,851.61,853.4,847.11,852.12,1716471.0
{'$date': '2017-03-17T00:00:00.000+0000'},0.02068209568209569,2017-03-17,0.4231171606171607,851.61,853.4,847.11,852.12,1716471.0
{'$date': '2017-03-09T00:00:00.000+0000'},0.1569760101010101,2017-03-09,0.4382365319865319,836.0,842.0,834.21,838.68,1261517.0
{'$date': '2017-03-09T00:00:00.000+0000'},0.09463345864661653,2017-03-09,0.4855670426065161,836.0,842.0,834.21,838.68,1261517.0
{'$date': '2017-03-09T00:00:00.000+0000'},0.1569760101010101,2017-03-09,0.4382365319865319,836.0,842.0,834.21,838.68,1261517.0
{'$date': '2017-03-09T00:00:00.000+0000'},0.09463345864661653,2017-03-09,0.4855670426065161,836.0,842.0,834.21,838.68,1261517.0
{'$date': '2017-03-09T00:00:00.000+0000'},0.07477678571428571,2017-03-09,0.3669642857142857,836.0,842.0,834.21,838.68,1261517.0
{'$date': '2017-03-09T00:00:00.000+0000'},0.2866838023088023,2017-03-09,0.4822330447330447,836.0,842.0,834.21,838.68,1261517.0
{'$date': '2017-03-09T00:00:00.000+0000'},0.2055785123966943,2017-03-09,0.4458677685950413,836.0,842.0,834.21,838.68,1261517.0
{'$date': '2017-03-09T00:00:00.000+0000'},0.04514561196379378,2017-03-09,0.4520365997638725,836.0,842.0,834.21,838.68,1261517.0
{'$date': '2017-03-09T00:00:00.000+0000'},0.1373945294901178,2017-03-09,0.4471269294431058,836.0,842.0,834.21,838.68,1261517.0
{'$date': '2017-03-09T00:00:00.000+0000'},0.07477678571428571,2017-03-09,0.3669642857142857,836.0,842.0,834.21,838.68,1261517.0
{'$date': '2017-03-09T00:00:00.000+0000'},0.2866838023088023,2017-03-09,0.4822330447330447,836.0,842.0,834.21,838.68,1261517.0
{'$date': '2017-03-09T00:00:00.000+0000'},0.2055785123966943,2017-03-09,0.4458677685950413,836.0,842.0,834.21,838.68,1261517.0
{'$date': '2017-03-09T00:00:00.000+0000'},0.04514561196379378,2017-03-09,0.4520365997638725,836.0,842.0,834.21,838.68,1261517.0
{'$date': '2017-03-09T00:00:00.000+0000'},0.1373945294901178,2017-03-09,0.4471269294431058,836.0,842.0,834.21,838.68,1261517.0
{'$date': '2017-03-15T00:00:00.000+0000'},0.1441777816777817,2017-03-15,0.4233532233532235,847.59,848.63,840.77,847.2,1381474.0
{'$date': '2017-03-15T00:00:00.000+0000'},0.1441777816777817,2017-03-15,0.4233532233532235,847.59,848.63,840.77,847.2,1381474.0
{'$date': '2017-03-15T00:00:00.000+0000'},0.2777777777777778,2017-03-15,0.5083333333333333,847.59,848.63,840.77,847.2,1381474.0
{'$date': '2017-03-15T00:00:00.000+0000'},0.2777777777777778,2017-03-15,0.5083333333333333,847.59,848.63,840.77,847.2,1381474.0
{'$date': '2017-03-21T00:00:00.000+0000'},-0.013235294117647059,2017-03-21,0.3308823529411765,851.4,853.5,829.02,830.46,2463484.0
{'$date': '2017-03-21T00:00:00.000+0000'},0.1501311819493637,2017-03-21,0.4381116358389086,851.4,853.5,829.02,830.46,2463484.0
{'$date': '2017-03-21T00:00:00.000+0000'},0.1554924242424242,2017-03-21,0.4876285173160173,851.4,853.5,829.02,830.46,2463484.0
{'$date': '2017-03-21T00:00:00.000+0000'},-0.013235294117647059,2017-03-21,0.3308823529411765,851.4,853.5,829.02,830.46,2463484.0
{'$date': '2017-03-21T00:00:00.000+0000'},0.1501311819493637,2017-03-21,0.4381116358389086,851.4,853.5,829.02,830.46,2463484.0
{'$date': '2017-03-21T00:00:00.000+0000'},0.1554924242424242,2017-03-21,0.4876285173160173,851.4,853.5,829.02,830.46,2463484.0
{'$date': '2017-03-21T00:00:00.000+0000'},0.1021772486772487,2017-03-21,0.42901587301587296,851.4,853.5,829.02,830.46,2463484.0
{'$date': '2017-03-21T00:00:00.000+0000'},0.1021772486772487,2017-03-21,0.42901587301587296,851.4,853.5,829.02,830.46,2463484.0
{'$date': '2017-03-20T00:00:00.000+0000'},0.029539682539682536,2017-03-20,0.427984126984127,850.01,850.22,845.15,848.4,1231521.0
{'$date': '2017-03-20T00:00:00.000+0000'},0.029539682539682536,2017-03-20,0.427984126984127,850.01,850.22,845.15,848.4,1231521.0
{'$date': '2017-03-20T18:39:59.000+0000'},-0.008620462870462874,2017-03-20,0.401113860498476,850.01,850.22,845.15,848.4,1231521.0
{'$date': '2017-03-20T00:00:00.000+0000'},0.1441176470588235,2017-03-20,0.4205882352941176,850.01,850.22,845.15,848.4,1231521.0
{'$date': '2017-03-20T18:14:22.000+0000'},0.1064008802308802,2017-03-20,0.4210436363636365,850.01,850.22,845.15,848.4,1231521.0
{'$date': '2017-03-20T15:55:56.000+0000'},0.1760010822510823,2017-03-20,0.5074540043290042,850.01,850.22,845.15,848.4,1231521.0
{'$date': '2017-03-20T18:39:59.000+0000'},-0.008620462870462874,2017-03-20,0.401113860498476,850.01,850.22,845.15,848.4,1231521.0
{'$date': '2017-03-20T00:00:00.000+0000'},0.1441176470588235,2017-03-20,0.4205882352941176,850.01,850.22,845.15,848.4,1231521.0
{'$date': '2017-03-20T18:14:22.000+0000'},0.1064008802308802,2017-03-20,0.4210436363636365,850.01,850.22,845.15,848.4,1231521.0
{'$date': '2017-03-20T15:55:56.000+0000'},0.1760010822510823,2017-03-20,0.5074540043290042,850.01,850.22,845.15,848.4,1231521.0
{'$date': '2017-03-23T14:26:05.162+0000'},0.1465694273047214,2017-03-23,0.4396886773357364,821.0,822.57,812.26,817.58,3487056.0
{'$date': '2017-03-23T16:14:39.000+0000'},0.1053030303030303,2017-03-23,0.4928503787878789,821.0,822.57,812.26,817.58,3487056.0
{'$date': '2017-03-23T00:00:00.000+0000'},0.1541137566137566,2017-03-23,0.5500396825396826,821.0,822.57,812.26,817.58,3487056.0
{'$date': '2017-03-23T00:00:00.000+0000'},0.04137426900584795,2017-03-23,0.4451754385964913,821.0,822.57,812.26,817.58,3487056.0
{'$date': '2017-03-23T00:00:00.000+0000'},0.1571366133866134,2017-03-23,0.4391504329004329,821.0,822.57,812.26,817.58,3487056.0
{'$date': '2017-03-23T14:26:05.162+0000'},0.1465694273047214,2017-03-23,0.4396886773357364,821.0,822.57,812.26,817.58,3487056.0
{'$date': '2017-03-23T16:14:39.000+0000'},0.1053030303030303,2017-03-23,0.4928503787878789,821.0,822.57,812.26,817.58,3487056.0
{'$date': '2017-03-23T00:00:00.000+0000'},0.1541137566137566,2017-03-23,0.5500396825396826,821.0,822.57,812.26,817.58,3487056.0
{'$date': '2017-03-23T00:00:00.000+0000'},0.04137426900584795,2017-03-23,0.4451754385964913,821.0,822.57,812.26,817.58,3487056.0
{'$date': '2017-03-23T00:00:00.000+0000'},0.1571366133866134,2017-03-23,0.4391504329004329,821.0,822.57,812.26,817.58,3487056.0
{'$date': '2017-03-14T00:00:00.000+0000'},-0.06555555555555555,2017-03-14,0.3622222222222222,843.64,847.24,840.8,845.62,780198.0
{'$date': '2017-03-14T00:00:00.000+0000'},-0.06555555555555555,2017-03-14,0.3622222222222222,843.64,847.24,840.8,845.62,780198.0
{'$date': '2017-03-14T00:00:00.000+0000'},0.1138507960965588,2017-03-14,0.2592295839753467,843.64,847.24,840.8,845.62,780198.0
{'$date': '2017-03-14T00:00:00.000+0000'},0.1138507960965588,2017-03-14,0.2592295839753467,843.64,847.24,840.8,845.62,780198.0
{'$date': '2017-03-27T16:31:07.000+0000'},0.1705426356589147,2017-03-27,0.5005813953488372,806.95,821.63,803.37,819.51,1894990.0
{'$date': '2017-03-27T00:00:00.000+0000'},0.1973063973063973,2017-03-27,0.447348484848485,806.95,821.63,803.37,819.51,1894990.0
{'$date': '2017-03-27T00:00:00.000+0000'},0.210722793977511,2017-03-27,0.5124547360396416,806.95,821.63,803.37,819.51,1894990.0
{'$date': '2017-03-27T00:00:00.000+0000'},0.1411096256684492,2017-03-27,0.4495320855614973,806.95,821.63,803.37,819.51,1894990.0
{'$date': '2017-03-27T00:00:00.000+0000'},0.1761768149882904,2017-03-27,0.4669769711163153,806.95,821.63,803.37,819.51,1894990.0
{'$date': '2017-03-27T00:00:00.000+0000'},0.060777751055528836,2017-03-27,0.4542655389877613,806.95,821.63,803.37,819.51,1894990.0
{'$date': '2017-03-27T16:31:07.000+0000'},0.1705426356589147,2017-03-27,0.5005813953488372,806.95,821.63,803.37,819.51,1894990.0
{'$date': '2017-03-27T00:00:00.000+0000'},0.1973063973063973,2017-03-27,0.447348484848485,806.95,821.63,803.37,819.51,1894990.0
{'$date': '2017-03-27T00:00:00.000+0000'},0.210722793977511,2017-03-27,0.5124547360396416,806.95,821.63,803.37,819.51,1894990.0
{'$date': '2017-03-27T00:00:00.000+0000'},0.1411096256684492,2017-03-27,0.4495320855614973,806.95,821.63,803.37,819.51,1894990.0
{'$date': '2017-03-27T00:00:00.000+0000'},0.1761768149882904,2017-03-27,0.4669769711163153,806.95,821.63,803.37,819.51,1894990.0
{'$date': '2017-03-27T00:00:00.000+0000'},0.060777751055528836,2017-03-27,0.4542655389877613,806.95,821.63,803.37,819.51,1894990.0
{'$date': '2017-03-24T00:00:00.000+0000'},0.011506648113790971,2017-03-24,0.4395516388373532,820.08,821.93,808.89,814.43,1981006.0
{'$date': '2017-03-24T00:00:00.000+0000'},0.1291115134865135,2017-03-24,0.4404220779220779,820.08,821.93,808.89,814.43,1981006.0
{'$date': '2017-03-24T18:58:35.000+0000'},0.2120454545454545,2017-03-24,0.4186700336700336,820.08,821.93,808.89,814.43,1981006.0
{'$date': '2017-03-24T00:00:00.000+0000'},0.1488343937207573,2017-03-24,0.3892403471948926,820.08,821.93,808.89,814.43,1981006.0
{'$date': '2017-03-24T00:00:00.000+0000'},0.1299736721611721,2017-03-24,0.5417329999060768,820.08,821.93,808.89,814.43,1981006.0
{'$date': '2017-03-24T00:00:00.000+0000'},0.0523056653491436,2017-03-24,0.5824440052700922,820.08,821.93,808.89,814.43,1981006.0
{'$date': '2017-03-24T00:00:00.000+0000'},0.011506648113790971,2017-03-24,0.4395516388373532,820.08,821.93,808.89,814.43,1981006.0
{'$date': '2017-03-24T00:00:00.000+0000'},0.1291115134865135,2017-03-24,0.4404220779220779,820.08,821.93,808.89,814.43,1981006.0
{'$date': '2017-03-24T18:58:35.000+0000'},0.2120454545454545,2017-03-24,0.4186700336700336,820.08,821.93,808.89,814.43,1981006.0
{'$date': '2017-03-24T00:00:00.000+0000'},0.1488343937207573,2017-03-24,0.3892403471948926,820.08,821.93,808.89,814.43,1981006.0
{'$date': '2017-03-24T00:00:00.000+0000'},0.1299736721611721,2017-03-24,0.5417329999060768,820.08,821.93,808.89,814.43,1981006.0
{'$date': '2017-03-24T00:00:00.000+0000'},0.0523056653491436,2017-03-24,0.5824440052700922,820.08,821.93,808.89,814.43,1981006.0
{'$date': '2017-03-16T00:00:00.000+0000'},0.05181623931623933,2017-03-16,0.4048433048433048,849.03,850.85,846.13,848.78,977560.0
{'$date': '2017-03-16T00:00:00.000+0000'},0.09837195850126887,2017-03-16,0.3352310046275563,849.03,850.85,846.13,848.78,977560.0
{'$date': '2017-03-16T00:00:00.000+0000'},0.05181623931623933,2017-03-16,0.4048433048433048,849.03,850.85,846.13,848.78,977560.0
{'$date': '2017-03-16T00:00:00.000+0000'},0.09837195850126887,2017-03-16,0.3352310046275563,849.03,850.85,846.13,848.78,977560.0
{'$date': '2017-03-16T00:00:00.000+0000'},-0.04912280701754385,2017-03-16,0.4530701754385965,849.03,850.85,846.13,848.78,977560.0
{'$date': '2017-03-16T00:00:00.000+0000'},0.296590909090909,2017-03-16,0.3667613636363636,849.03,850.85,846.13,848.78,977560.0
{'$date': '2017-03-16T00:00:00.000+0000'},-0.04912280701754385,2017-03-16,0.4530701754385965,849.03,850.85,846.13,848.78,977560.0
{'$date': '2017-03-16T00:00:00.000+0000'},0.296590909090909,2017-03-16,0.3667613636363636,849.03,850.85,846.13,848.78,977560.0
{'$date': '2017-03-22T18:51:54.000+0000'},0.1219416386083053,2017-03-22,0.3066778900112233,831.91,835.55,827.18,829.59,1401465.0
{'$date': '2017-03-22T00:00:00.000+0000'},0.1458333333333333,2017-03-22,0.459104938271605,831.91,835.55,827.18,829.59,1401465.0
{'$date': '2017-03-22T18:51:54.000+0000'},0.1219416386083053,2017-03-22,0.3066778900112233,831.91,835.55,827.18,829.59,1401465.0
{'$date': '2017-03-22T00:00:00.000+0000'},0.1458333333333333,2017-03-22,0.459104938271605,831.91,835.55,827.18,829.59,1401465.0
{'$date': '2017-03-07T00:00:00.000+0000'},0.1270446596717783,2017-03-07,0.603346112456282,827.4,833.41,826.52,831.91,1037630.0
{'$date': '2017-03-07T00:00:00.000+0000'},0.1270446596717783,2017-03-07,0.603346112456282,827.4,833.41,826.52,831.91,1037630.0
{'$date': '2017-03-28T00:00:00.000+0000'},0.1215869007535674,2017-03-28,0.3522830344258915,820.41,825.99,814.03,820.92,1620542.0
{'$date': '2017-03-28T16:30:00.000+0000'},0.2507936507936508,2017-03-28,0.4011904761904762,820.41,825.99,814.03,820.92,1620542.0
{'$date': '2017-03-28T00:00:00.000+0000'},0.1588411588411588,2017-03-28,0.47095404595404605,820.41,825.99,814.03,820.92,1620542.0
{'$date': '2017-03-28T00:00:00.000+0000'},0.2177468885281386,2017-03-28,0.5329658189033191,820.41,825.99,814.03,820.92,1620542.0
{'$date': '2017-03-28T00:00:00.000+0000'},0.08836760461760461,2017-03-28,0.37200577200577206,820.41,825.99,814.03,820.92,1620542.0
{'$date': '2017-03-28T12:24:55.000+0000'},0.05586720378387043,2017-03-28,0.4927238656405323,820.41,825.99,814.03,820.92,1620542.0
{'$date': '2017-03-28T00:00:00.000+0000'},-0.06874999999999998,2017-03-28,0.5238425925925926,820.41,825.99,814.03,820.92,1620542.0
{'$date': '2017-03-28T00:00:00.000+0000'},-0.02569444444444445,2017-03-28,0.3564814814814815,820.41,825.99,814.03,820.92,1620542.0
{'$date': '2017-03-28T00:00:00.000+0000'},0.03791666666666667,2017-03-28,0.4117147435897436,820.41,825.99,814.03,820.92,1620542.0
{'$date': '2017-03-28T08:42:00.000+0000'},0.1959730218235373,2017-03-28,0.4573298522783058,820.41,825.99,814.03,820.92,1620542.0
{'$date': '2017-03-28T00:00:00.000+0000'},0.1893939393939394,2017-03-28,0.3368686868686869,820.41,825.99,814.03,820.92,1620542.0
{'$date': '2017-03-28T00:00:00.000+0000'},0.0931372549019608,2017-03-28,0.36568627450980395,820.41,825.99,814.03,820.92,1620542.0
{'$date': '2017-03-28T00:00:00.000+0000'},0.1238338243546577,2017-03-28,0.38006453423120096,820.41,825.99,814.03,820.92,1620542.0
{'$date': '2017-03-28T00:00:00.000+0000'},-0.01153846153846154,2017-03-28,0.4089743589743589,820.41,825.99,814.03,820.92,1620542.0
{'$date': '2017-03-28T00:00:00.000+0000'},0.1215869007535674,2017-03-28,0.3522830344258915,820.41,825.99,814.03,820.92,1620542.0
{'$date': '2017-03-28T16:30:00.000+0000'},0.2507936507936508,2017-03-28,0.4011904761904762,820.41,825.99,814.03,820.92,1620542.0
{'$date': '2017-03-28T00:00:00.000+0000'},0.1588411588411588,2017-03-28,0.47095404595404605,820.41,825.99,814.03,820.92,1620542.0
{'$date': '2017-03-28T00:00:00.000+0000'},0.2177468885281386,2017-03-28,0.5329658189033191,820.41,825.99,814.03,820.92,1620542.0
{'$date': '2017-03-28T00:00:00.000+0000'},0.08836760461760461,2017-03-28,0.37200577200577206,820.41,825.99,814.03,820.92,1620542.0
{'$date': '2017-03-28T12:24:55.000+0000'},0.05586720378387043,2017-03-28,0.4927238656405323,820.41,825.99,814.03,820.92,1620542.0
{'$date': '2017-03-28T00:00:00.000+0000'},-0.06874999999999998,2017-03-28,0.5238425925925926,820.41,825.99,814.03,820.92,1620542.0
{'$date': '2017-03-28T00:00:00.000+0000'},-0.02569444444444445,2017-03-28,0.3564814814814815,820.41,825.99,814.03,820.92,1620542.0
{'$date': '2017-03-28T00:00:00.000+0000'},0.03791666666666667,2017-03-28,0.4117147435897436,820.41,825.99,814.03,820.92,1620542.0
{'$date': '2017-03-28T08:42:00.000+0000'},0.1959730218235373,2017-03-28,0.4573298522783058,820.41,825.99,814.03,820.92,1620542.0
{'$date': '2017-03-28T00:00:00.000+0000'},0.1893939393939394,2017-03-28,0.3368686868686869,820.41,825.99,814.03,820.92,1620542.0
{'$date': '2017-03-28T00:00:00.000+0000'},0.0931372549019608,2017-03-28,0.36568627450980395,820.41,825.99,814.03,820.92,1620542.0
{'$date': '2017-03-28T00:00:00.000+0000'},0.1238338243546577,2017-03-28,0.38006453423120096,820.41,825.99,814.03,820.92,1620542.0
{'$date': '2017-03-28T00:00:00.000+0000'},-0.01153846153846154,2017-03-28,0.4089743589743589,820.41,825.99,814.03,820.92,1620542.0
{'$date': '2016-04-07T00:00:00.000+0000'},0.08116970991970994,2016-04-07,0.4356345506345505,745.37,747.0,736.28,740.28,1429504.0
{'$date': '2016-04-07T00:00:00.000+0000'},0.08116970991970994,2016-04-07,0.4356345506345505,745.37,747.0,736.28,740.28,1429504.0
{'$date': '2016-03-23T00:00:00.000+0000'},0.1743290043290043,2016-03-23,0.4509658359658359,742.36,745.72,736.15,738.06,1421861.0
{'$date': '2016-03-23T00:00:00.000+0000'},0.1743290043290043,2016-03-23,0.4509658359658359,742.36,745.72,736.15,738.06,1421861.0
{'$date': '2016-01-19T10:10:27.000+0000'},0.04587374370269107,2016-01-19,0.3962617085643402,703.3,709.98,693.41,701.79,2258479.0
{'$date': '2016-01-19T10:10:27.000+0000'},0.04587374370269107,2016-01-19,0.3962617085643402,703.3,709.98,693.41,701.79,2258479.0
{'$date': '2017-01-05T00:00:00.000+0000'},0.1468599033816425,2017-01-05,0.4886473429951691,786.08,794.48,785.02,794.02,1335167.0
{'$date': '2017-01-05T00:00:00.000+0000'},0.1468599033816425,2017-01-05,0.4886473429951691,786.08,794.48,785.02,794.02,1335167.0
{'$date': '2016-12-13T00:00:00.000+0000'},0.1212076118326118,2016-12-13,0.3104324494949495,793.9,804.38,793.34,796.1,2145209.0
{'$date': '2016-12-13T00:00:00.000+0000'},0.1371969696969697,2016-12-13,0.4148922454357237,793.9,804.38,793.34,796.1,2145209.0
{'$date': '2016-12-13T00:00:00.000+0000'},0.1212076118326118,2016-12-13,0.3104324494949495,793.9,804.38,793.34,796.1,2145209.0
{'$date': '2016-12-13T00:00:00.000+0000'},0.1371969696969697,2016-12-13,0.4148922454357237,793.9,804.38,793.34,796.1,2145209.0
{'$date': '2017-02-07T00:00:00.000+0000'},0.1020833333333334,2017-02-07,0.4652777777777778,803.99,810.5,801.78,806.97,1241221.0
{'$date': '2017-02-07T00:00:00.000+0000'},0.1020833333333334,2017-02-07,0.4652777777777778,803.99,810.5,801.78,806.97,1241221.0
{'$date': '2017-01-06T00:00:00.000+0000'},0.0927188552188552,2017-01-06,0.4110690235690235,795.26,807.9,792.2,806.15,1640170.0
{'$date': '2017-01-06T00:00:00.000+0000'},0.0927188552188552,2017-01-06,0.4110690235690235,795.26,807.9,792.2,806.15,1640170.0
{'$date': '2017-01-18T00:00:00.000+0000'},0.08003586590543113,2017-01-18,0.4202495974235105,805.81,806.2,800.99,806.07,1294407.0
{'$date': '2017-01-18T00:00:00.000+0000'},0.0556910569105691,2017-01-18,0.4995048988951429,805.81,806.2,800.99,806.07,1294407.0
{'$date': '2017-01-18T00:00:00.000+0000'},0.08003586590543113,2017-01-18,0.4202495974235105,805.81,806.2,800.99,806.07,1294407.0
{'$date': '2017-01-18T00:00:00.000+0000'},0.0556910569105691,2017-01-18,0.4995048988951429,805.81,806.2,800.99,806.07,1294407.0
{'$date': '2016-12-12T13:05:39.000+0000'},0.0605322707595435,2016-12-12,0.4412057639330365,785.04,791.25,784.36,789.27,2104117.0
{'$date': '2016-12-12T13:05:39.000+0000'},0.0605322707595435,2016-12-12,0.4412057639330365,785.04,791.25,784.36,789.27,2104117.0
{'$date': '2016-12-28T00:00:00.000+0000'},0.1931052953780226,2016-12-28,0.5490740740740739,793.7,794.23,783.2,785.05,1153824.0
{'$date': '2016-12-28T00:00:00.000+0000'},0.1931052953780226,2016-12-28,0.5490740740740739,793.7,794.23,783.2,785.05,1153824.0
{'$date': '2017-01-26T00:00:00.000+0000'},0.00903409090909091,2017-01-26,0.3935897435897437,837.81,838.0,827.01,832.15,2973891.0
{'$date': '2017-01-26T00:00:00.000+0000'},0.045230051480051485,2017-01-26,0.41167149292149297,837.81,838.0,827.01,832.15,2973891.0
{'$date': '2017-01-26T00:00:00.000+0000'},0.00903409090909091,2017-01-26,0.3935897435897437,837.81,838.0,827.01,832.15,2973891.0
{'$date': '2017-01-26T00:00:00.000+0000'},0.045230051480051485,2017-01-26,0.41167149292149297,837.81,838.0,827.01,832.15,2973891.0
{'$date': '2017-01-31T00:00:00.000+0000'},-0.1208333333333333,2017-01-31,0.5534722222222223,796.86,801.25,790.52,796.79,2160556.0
{'$date': '2017-01-31T00:00:00.000+0000'},-0.1208333333333333,2017-01-31,0.5534722222222223,796.86,801.25,790.52,796.79,2160556.0
{'$date': '2016-12-06T00:00:00.000+0000'},0.1641269094153709,2016-12-06,0.454292546840624,764.73,768.83,757.34,759.11,1690689.0
{'$date': '2016-12-06T00:00:00.000+0000'},0.1220915364828408,2016-12-06,0.4787903569860091,764.73,768.83,757.34,759.11,1690689.0
{'$date': '2016-12-06T00:00:00.000+0000'},0.1641269094153709,2016-12-06,0.454292546840624,764.73,768.83,757.34,759.11,1690689.0
{'$date': '2016-12-06T00:00:00.000+0000'},0.1220915364828408,2016-12-06,0.4787903569860091,764.73,768.83,757.34,759.11,1690689.0
{'$date': '2017-02-02T00:00:00.000+0000'},0.1493429189857761,2017-02-02,0.3700602968460111,793.8,802.7,792.0,798.53,1532138.0
{'$date': '2017-02-02T09:00:00.000+0000'},0.0688878697286769,2017-02-02,0.39908672169882903,793.8,802.7,792.0,798.53,1532138.0
{'$date': '2017-02-02T00:00:00.000+0000'},0.1493429189857761,2017-02-02,0.3700602968460111,793.8,802.7,792.0,798.53,1532138.0
{'$date': '2017-02-02T09:00:00.000+0000'},0.0688878697286769,2017-02-02,0.39908672169882903,793.8,802.7,792.0,798.53,1532138.0
{'$date': '2016-10-27T00:00:00.000+0000'},0.1615332428765265,2016-10-27,0.48371777476255107,801.0,803.49,791.5,795.35,2749221.0
{'$date': '2016-10-27T00:00:00.000+0000'},0.1615332428765265,2016-10-27,0.48371777476255107,801.0,803.49,791.5,795.35,2749221.0
{'$date': '2016-10-21T13:00:13.000+0000'},0.0917796384901648,2016-10-21,0.4440262953420848,795.0,799.5,794.0,799.37,1266181.0
{'$date': '2016-10-21T13:00:13.000+0000'},0.0917796384901648,2016-10-21,0.4440262953420848,795.0,799.5,794.0,799.37,1266181.0
{'$date': '2017-02-10T00:00:00.000+0000'},0.1319749126375633,2017-02-10,0.5400090872982439,811.7,815.25,809.78,813.67,1134976.0
{'$date': '2017-02-10T00:00:00.000+0000'},0.1319749126375633,2017-02-10,0.5400090872982439,811.7,815.25,809.78,813.67,1134976.0
{'$date': '2016-12-22T00:00:00.000+0000'},0.145549492341661,2016-12-22,0.4495863106104069,792.36,793.32,788.58,791.26,972169.0
{'$date': '2016-12-22T00:00:00.000+0000'},0.145549492341661,2016-12-22,0.4495863106104069,792.36,793.32,788.58,791.26,972169.0
{'$date': '2017-02-28T00:00:00.000+0000'},0.1105028409090909,2017-02-28,0.4260511363636363,825.61,828.54,820.2,823.21,2260769.0
{'$date': '2017-02-28T00:00:00.000+0000'},0.07624797077922077,2017-02-28,0.4820870535714286,825.61,828.54,820.2,823.21,2260769.0
{'$date': '2017-02-28T00:00:00.000+0000'},0.0831890331890332,2017-02-28,0.5217532467532467,825.61,828.54,820.2,823.21,2260769.0
{'$date': '2017-02-28T13:01:02.000+0000'},0.1276515151515152,2017-02-28,0.4628787878787879,825.61,828.54,820.2,823.21,2260769.0
{'$date': '2017-02-28T00:00:00.000+0000'},0.1105028409090909,2017-02-28,0.4260511363636363,825.61,828.54,820.2,823.21,2260769.0
{'$date': '2017-02-28T00:00:00.000+0000'},0.07624797077922077,2017-02-28,0.4820870535714286,825.61,828.54,820.2,823.21,2260769.0
{'$date': '2017-02-28T00:00:00.000+0000'},0.0831890331890332,2017-02-28,0.5217532467532467,825.61,828.54,820.2,823.21,2260769.0
{'$date': '2017-02-28T13:01:02.000+0000'},0.1276515151515152,2017-02-28,0.4628787878787879,825.61,828.54,820.2,823.21,2260769.0
{'$date': '2017-02-17T00:00:00.000+0000'},0.0,2017-02-17,0.0,823.02,828.07,821.66,828.07,1611039.0
{'$date': '2017-02-17T00:00:00.000+0000'},0.07012189082104335,2017-02-17,0.3330757942622349,823.02,828.07,821.66,828.07,1611039.0
{'$date': '2017-03-06T13:05:00.000+0000'},0.04466594516594515,2017-03-06,0.4313600288600288,826.95,828.88,822.4,827.78,1109037.0
{'$date': '2017-03-06T00:00:00.000+0000'},0.07016835016835016,2017-03-06,0.5573148148148148,826.95,828.88,822.4,827.78,1109037.0
{'$date': '2017-03-06T13:05:00.000+0000'},0.04466594516594515,2017-03-06,0.4313600288600288,826.95,828.88,822.4,827.78,1109037.0
{'$date': '2017-03-06T00:00:00.000+0000'},0.07016835016835016,2017-03-06,0.5573148148148148,826.95,828.88,822.4,827.78,1109037.0
{'$date': '2017-03-08T00:00:00.000+0000'},0.2270738636363636,2017-03-08,0.4617045454545454,833.51,838.15,831.79,835.37,989773.0
{'$date': '2017-03-08T00:00:00.000+0000'},0.2557411674347159,2017-03-08,0.4450576036866358,833.51,838.15,831.79,835.37,989773.0
{'$date': '2017-03-08T00:00:00.000+0000'},0.2270738636363636,2017-03-08,0.4617045454545454,833.51,838.15,831.79,835.37,989773.0
{'$date': '2017-03-08T00:00:00.000+0000'},0.2557411674347159,2017-03-08,0.4450576036866358,833.51,838.15,831.79,835.37,989773.0
{'$date': '2017-03-01T16:27:00.000+0000'},0.1933080808080808,2017-03-01,0.4719065656565657,828.85,836.26,827.26,835.24,1496540.0
{'$date': '2017-03-01T16:27:00.000+0000'},0.1933080808080808,2017-03-01,0.4719065656565657,828.85,836.26,827.26,835.24,1496540.0
{'$date': '2017-03-10T00:00:00.000+0000'},0.0,2017-03-10,0.0,843.28,844.91,839.5,843.25,1704024.0
{'$date': '2017-03-10T00:00:00.000+0000'},0.0,2017-03-10,0.0,843.28,844.91,839.5,843.25,1704024.0
{'$date': '2017-03-13T00:00:00.000+0000'},0.0581439393939394,2017-03-13,0.4679924242424243,844.0,848.68,843.25,845.54,1223647.0
{'$date': '2017-03-13T00:00:00.000+0000'},0.0581439393939394,2017-03-13,0.4679924242424243,844.0,848.68,843.25,845.54,1223647.0
{'$date': '2017-03-02T12:00:35.000+0000'},0.1795698924731183,2017-03-02,0.5445852534562213,833.85,834.51,829.64,830.63,942476.0
{'$date': '2017-03-02T12:00:35.000+0000'},0.1795698924731183,2017-03-02,0.5445852534562213,833.85,834.51,829.64,830.63,942476.0
{'$date': '2017-03-03T00:00:00.000+0000'},0.1496054292929293,2017-03-03,0.4369453463203463,830.56,831.36,825.75,829.08,896378.0
{'$date': '2017-03-03T14:39:36.000+0000'},0.1651159147869674,2017-03-03,0.5990914786967418,830.56,831.36,825.75,829.08,896378.0
{'$date': '2017-03-03T00:00:00.000+0000'},0.1496054292929293,2017-03-03,0.4369453463203463,830.56,831.36,825.75,829.08,896378.0
{'$date': '2017-03-03T14:39:36.000+0000'},0.1651159147869674,2017-03-03,0.5990914786967418,830.56,831.36,825.75,829.08,896378.0
{'$date': '2017-02-03T00:00:00.000+0000'},0.05419942571457724,2017-02-03,0.5361508300902239,802.99,806.0,800.37,801.49,1463448.0
{'$date': '2017-02-03T00:00:00.000+0000'},0.05419942571457724,2017-02-03,0.5361508300902239,802.99,806.0,800.37,801.49,1463448.0
