sentiment_polarity,publish_date,Date,sentiment_subjectivity,Open,High,Low,Close,Volume
0.08456439393939394,{'$date': '2016-12-06T00:00:00.000+0000'},2016-12-06,0.2482007575757576,764.73,768.83,757.34,759.11,1690689.0
0.1243371212121212,{'$date': '2016-12-06T00:00:00.000+0000'},2016-12-06,0.3557765151515151,764.73,768.83,757.34,759.11,1690689.0
0.09613041613041612,{'$date': '2016-12-06T11:47:07.000+0000'},2016-12-06,0.4038309738309738,764.73,768.83,757.34,759.11,1690689.0
0.1243371212121212,{'$date': '2016-12-05T00:00:00.000+0000'},2016-12-05,0.3557765151515151,757.71,763.9,752.9,762.52,1394223.0
0.07626411356674515,{'$date': '2016-12-05T16:59:00.000+0000'},2016-12-05,0.4639163565479355,757.71,763.9,752.9,762.52,1394223.0
0.1189540911763134,{'$date': '2016-12-05T13:59:06.000+0000'},2016-12-05,0.4592512425845759,757.71,763.9,752.9,762.52,1394223.0
0.1034303350970018,{'$date': '2016-12-05T00:00:00.000+0000'},2016-12-05,0.4275661375661375,757.71,763.9,752.9,762.52,1394223.0
0.0916331684188827,{'$date': '2016-12-12T00:00:00.000+0000'},2016-12-12,0.4068729385693671,785.04,791.25,784.36,789.27,2104117.0
0.1681006493506493,{'$date': '2016-12-12T14:53:31.000+0000'},2016-12-12,0.5261201298701299,785.04,791.25,784.36,789.27,2104117.0
0.06698738253616303,{'$date': '2016-12-12T12:19:35.000+0000'},2016-12-12,0.4930841516207369,785.04,791.25,784.36,789.27,2104117.0
0.2128205128205128,{'$date': '2016-12-12T19:15:36.000+0000'},2016-12-12,0.4166666666666667,785.04,791.25,784.36,789.27,2104117.0
0.0868154761904762,{'$date': '2016-12-13T14:27:00.000+0000'},2016-12-13,0.4942857142857142,793.9,804.38,793.34,796.1,2145209.0
0.07874579124579123,{'$date': '2016-12-13T14:34:58.000+0000'},2016-12-13,0.330155723905724,793.9,804.38,793.34,796.1,2145209.0
0.1177717652717653,{'$date': '2016-12-13T04:50:00.000+0000'},2016-12-13,0.3891902267828193,793.9,804.38,793.34,796.1,2145209.0
0.12675,{'$date': '2016-12-13T00:00:00.000+0000'},2016-12-13,0.6303333333333333,793.9,804.38,793.34,796.1,2145209.0
0.061538461538461535,{'$date': '2016-12-13T00:00:00.000+0000'},2016-12-13,0.3064102564102564,793.9,804.38,793.34,796.1,2145209.0
0.1613636363636363,{'$date': '2016-12-13T19:58:17.000+0000'},2016-12-13,0.448989898989899,793.9,804.38,793.34,796.1,2145209.0
0.06329816017316017,{'$date': '2016-12-13T12:50:34.000+0000'},2016-12-13,0.3737418831168831,793.9,804.38,793.34,796.1,2145209.0
-0.053472442191954385,{'$date': '2016-12-27T04:10:55.000+0000'},2016-12-27,0.6074675324675324,790.68,797.86,787.66,791.55,789321.0
0.1579322638146168,{'$date': '2016-12-27T00:00:00.000+0000'},2016-12-27,0.4310160427807487,790.68,797.86,787.66,791.55,789321.0
0.08962259639585221,{'$date': '2016-12-27T16:39:44.000+0000'},2016-12-27,0.3880269923874575,790.68,797.86,787.66,791.55,789321.0
0.015615291571173919,{'$date': '2016-12-27T00:00:00.000+0000'},2016-12-27,0.2960332314744079,790.68,797.86,787.66,791.55,789321.0
-0.06562500000000007,{'$date': '2016-12-27T13:15:01.000+0000'},2016-12-27,0.4416666666666668,790.68,797.86,787.66,791.55,789321.0
0.1714442355889724,{'$date': '2017-01-19T00:00:00.000+0000'},2017-01-19,0.5727600250626566,805.12,809.48,801.8,802.18,919325.0
0.1714442355889724,{'$date': '2017-01-19T00:00:00.000+0000'},2017-01-19,0.5727600250626566,805.12,809.48,801.8,802.18,919325.0
0.1181268731268731,{'$date': '2017-01-19T00:00:00.000+0000'},2017-01-19,0.4617415917415917,805.12,809.48,801.8,802.18,919325.0
0.1636897259574251,{'$date': '2017-01-30T19:13:23.000+0000'},2017-01-30,0.4770542019435824,814.66,815.84,799.8,802.32,3246573.0
0.02419609079445146,{'$date': '2017-01-30T00:00:00.000+0000'},2017-01-30,0.3343556716507536,814.66,815.84,799.8,802.32,3246573.0
0.1405381306324702,{'$date': '2017-01-30T00:00:00.000+0000'},2017-01-30,0.5272604753736828,814.66,815.84,799.8,802.32,3246573.0
0.1384760301426968,{'$date': '2017-01-30T00:00:00.000+0000'},2017-01-30,0.4551177217843884,814.66,815.84,799.8,802.32,3246573.0
0.13531146179402,{'$date': '2017-01-30T14:47:48.000+0000'},2017-01-30,0.4014010989010989,814.66,815.84,799.8,802.32,3246573.0
0.1111424807076981,{'$date': '2017-01-30T00:00:00.000+0000'},2017-01-30,0.3753018720410025,814.66,815.84,799.8,802.32,3246573.0
0.1296614796614797,{'$date': '2017-01-26T00:00:00.000+0000'},2017-01-26,0.34509282009282,837.81,838.0,827.01,832.15,2973891.0
0.04726759116589625,{'$date': '2017-01-26T00:00:00.000+0000'},2017-01-26,0.3299409347714432,837.81,838.0,827.01,832.15,2973891.0
0.026923076923076918,{'$date': '2017-01-26T00:00:00.000+0000'},2017-01-26,0.1002958579881657,837.81,838.0,827.01,832.15,2973891.0
0.1224262360446571,{'$date': '2017-01-26T19:40:50.000+0000'},2017-01-26,0.4956459330143539,837.81,838.0,827.01,832.15,2973891.0
0.07083333333333333,{'$date': '2017-01-26T21:04:19.000+0000'},2017-01-26,0.225,837.81,838.0,827.01,832.15,2973891.0
0.08388278388278389,{'$date': '2017-01-26T01:00:00.000+0000'},2017-01-26,0.2631868131868133,837.81,838.0,827.01,832.15,2973891.0
0.1430555555555555,{'$date': '2017-01-26T10:35:00.000+0000'},2017-01-26,0.4262152777777778,837.81,838.0,827.01,832.15,2973891.0
0.0,{'$date': '2017-02-28T00:00:00.000+0000'},2017-02-28,0.0,825.61,828.54,820.2,823.21,2260769.0
0.0,{'$date': '2017-02-28T00:00:00.000+0000'},2017-02-28,0.0,825.61,828.54,820.2,823.21,2260769.0
0.2095701298701299,{'$date': '2017-02-28T10:26:24.000+0000'},2017-02-28,0.4466409090909091,825.61,828.54,820.2,823.21,2260769.0
0.1324115646258504,{'$date': '2017-02-28T05:36:12.000+0000'},2017-02-28,0.4595328798185942,825.61,828.54,820.2,823.21,2260769.0
0.061822916666666665,{'$date': '2017-02-28T00:00:00.000+0000'},2017-02-28,0.3123958333333333,825.61,828.54,820.2,823.21,2260769.0
0.05879928315412185,{'$date': '2017-02-28T00:00:00.000+0000'},2017-02-28,0.3253405017921147,825.61,828.54,820.2,823.21,2260769.0
0.009329004329004327,{'$date': '2017-02-28T06:24:11.000+0000'},2017-02-28,0.2523593073593073,825.61,828.54,820.2,823.21,2260769.0
0.0,{'$date': '2017-02-27T00:00:00.000+0000'},2017-02-27,0.0,824.55,830.5,824.0,829.28,1101466.0
0.0,{'$date': '2017-02-27T00:00:00.000+0000'},2017-02-27,0.0,824.55,830.5,824.0,829.28,1101466.0
0.04036796536796537,{'$date': '2017-02-27T00:00:00.000+0000'},2017-02-27,0.4279942279942281,824.55,830.5,824.0,829.28,1101466.0
0.2131048387096774,{'$date': '2017-02-27T00:00:00.000+0000'},2017-02-27,0.4051459293394777,824.55,830.5,824.0,829.28,1101466.0
0.08601351351351352,{'$date': '2017-02-27T00:00:00.000+0000'},2017-02-27,0.3806531531531531,824.55,830.5,824.0,829.28,1101466.0
0.15,{'$date': '2017-02-27T00:00:00.000+0000'},2017-02-27,0.05,824.55,830.5,824.0,829.28,1101466.0
0.02727492314448836,{'$date': '2017-02-27T00:00:00.000+0000'},2017-02-27,0.2782367149758454,824.55,830.5,824.0,829.28,1101466.0
-0.001477272727272732,{'$date': '2017-02-27T09:57:45.000+0000'},2017-02-27,0.3316382575757576,824.55,830.5,824.0,829.28,1101466.0
0.012006269592476491,{'$date': '2017-01-04T00:00:00.000+0000'},2017-01-04,0.3142737722048067,788.36,791.34,783.16,786.9,1072958.0
0.1600970017636685,{'$date': '2017-01-04T00:00:00.000+0000'},2017-01-04,0.3816578483245149,788.36,791.34,783.16,786.9,1072958.0
-0.02359307359307359,{'$date': '2017-01-04T23:40:09.000+0000'},2017-01-04,0.347348484848485,788.36,791.34,783.16,786.9,1072958.0
-0.01712962962962963,{'$date': '2016-12-22T11:15:52.000+0000'},2016-12-22,0.306712962962963,792.36,793.32,788.58,791.26,972169.0
0.156095145988763,{'$date': '2016-12-22T15:24:26.000+0000'},2016-12-22,0.4358777747075618,792.36,793.32,788.58,791.26,972169.0
0.17354651162790696,{'$date': '2016-12-22T00:00:00.000+0000'},2016-12-22,0.5157622739018086,792.36,793.32,788.58,791.26,972169.0
0.0385357142857143,{'$date': '2017-02-21T00:00:00.000+0000'},2017-02-21,0.2958180272108842,828.66,833.45,828.35,831.66,1262337.0
0.00165099268547545,{'$date': '2017-02-21T00:00:00.000+0000'},2017-02-21,0.264858934169279,828.66,833.45,828.35,831.66,1262337.0
0.1661745661745662,{'$date': '2017-02-21T17:42:08.000+0000'},2017-02-21,0.3983053983053983,828.66,833.45,828.35,831.66,1262337.0
0.1801717171717172,{'$date': '2016-12-09T00:00:00.000+0000'},2016-12-09,0.4877301587301587,780.0,789.43,779.02,789.29,1821914.0
0.06463068181818182,{'$date': '2016-12-09T00:00:00.000+0000'},2016-12-09,0.4336647727272726,780.0,789.43,779.02,789.29,1821914.0
0.029383116883116882,{'$date': '2016-12-09T00:00:00.000+0000'},2016-12-09,0.3771103896103896,780.0,789.43,779.02,789.29,1821914.0
0.09695391414141412,{'$date': '2016-12-09T05:58:31.000+0000'},2016-12-09,0.4824273989898989,780.0,789.43,779.02,789.29,1821914.0
0.0909322820037106,{'$date': '2016-12-09T18:39:19.000+0000'},2016-12-09,0.4096790610183466,780.0,789.43,779.02,789.29,1821914.0
0.1194739808802309,{'$date': '2016-12-08T04:33:17.000+0000'},2016-12-08,0.3741251803751804,772.48,778.18,767.23,776.42,1488059.0
0.04263273491214668,{'$date': '2016-12-08T06:39:26.000+0000'},2016-12-08,0.3612442704354469,772.48,778.18,767.23,776.42,1488059.0
-0.0935897435897436,{'$date': '2016-12-08T15:13:51.000+0000'},2016-12-08,0.5158119658119659,772.48,778.18,767.23,776.42,1488059.0
0.1081175511731067,{'$date': '2016-12-08T13:52:30.000+0000'},2016-12-08,0.4947016460905349,772.48,778.18,767.23,776.42,1488059.0
0.09777268862090292,{'$date': '2017-01-05T17:01:37.000+0000'},2017-01-05,0.5060180890538034,786.08,794.48,785.02,794.02,1335167.0
0.1374289772727273,{'$date': '2017-01-05T06:47:57.000+0000'},2017-01-05,0.3764001623376624,786.08,794.48,785.02,794.02,1335167.0
0.1040858353116418,{'$date': '2016-12-02T00:00:00.000+0000'},2016-12-02,0.4362881348042638,744.59,754.0,743.1,750.5,1452484.0
0.1453400673400674,{'$date': '2016-12-02T00:00:00.000+0000'},2016-12-02,0.4456368446368447,744.59,754.0,743.1,750.5,1452484.0
0.1219230346947738,{'$date': '2017-02-15T00:00:00.000+0000'},2017-02-15,0.3789745278875714,819.36,823.0,818.47,818.98,1313617.0
0.07739109848484849,{'$date': '2017-02-15T00:00:00.000+0000'},2017-02-15,0.3203835227272727,819.36,823.0,818.47,818.98,1313617.0
0.060660173160173164,{'$date': '2017-02-15T00:00:00.000+0000'},2017-02-15,0.3629148629148629,819.36,823.0,818.47,818.98,1313617.0
0.06799549549549551,{'$date': '2017-02-15T00:00:00.000+0000'},2017-02-15,0.3689414414414414,819.36,823.0,818.47,818.98,1313617.0
0.0564351851851852,{'$date': '2017-02-15T00:00:00.000+0000'},2017-02-15,0.3574537037037037,819.36,823.0,818.47,818.98,1313617.0
0.02233465608465609,{'$date': '2017-02-15T00:00:00.000+0000'},2017-02-15,0.3012125220458554,819.36,823.0,818.47,818.98,1313617.0
0.0001067493112947621,{'$date': '2017-02-15T00:00:00.000+0000'},2017-02-15,0.2996866391184573,819.36,823.0,818.47,818.98,1313617.0
0.1168929267613478,{'$date': '2017-02-15T15:48:31.000+0000'},2017-02-15,0.4508273889852837,819.36,823.0,818.47,818.98,1313617.0
0.1151933251933252,{'$date': '2017-03-08T00:00:00.000+0000'},2017-03-08,0.4091351241351242,833.51,838.15,831.79,835.37,989773.0
-0.044634840468173786,{'$date': '2017-03-08T00:00:00.000+0000'},2017-03-08,0.3441418149751484,833.51,838.15,831.79,835.37,989773.0
0.05818627450980391,{'$date': '2017-03-08T00:00:00.000+0000'},2017-03-08,0.2940196078431372,833.51,838.15,831.79,835.37,989773.0
-0.034338023088023084,{'$date': '2017-03-08T00:00:00.000+0000'},2017-03-08,0.3547276334776335,833.51,838.15,831.79,835.37,989773.0
0.05994949494949494,{'$date': '2017-03-08T00:00:00.000+0000'},2017-03-08,0.3059595959595959,833.51,838.15,831.79,835.37,989773.0
0.02074074074074074,{'$date': '2017-03-08T00:00:00.000+0000'},2017-03-08,0.3416049382716049,833.51,838.15,831.79,835.37,989773.0
0.09839743589743592,{'$date': '2017-03-08T12:10:22.000+0000'},2017-03-08,0.3791666666666667,833.51,838.15,831.79,835.37,989773.0
0.0744489146119581,{'$date': '2017-03-08T00:00:00.000+0000'},2017-03-08,0.4259310496267017,833.51,838.15,831.79,835.37,989773.0
0.1413862024500323,{'$date': '2016-12-20T00:00:00.000+0000'},2016-12-20,0.4788652482269505,796.76,798.65,793.27,796.42,951014.0
0.1036363636363636,{'$date': '2016-12-20T00:00:00.000+0000'},2016-12-20,0.2354545454545454,796.76,798.65,793.27,796.42,951014.0
0.1646819818211571,{'$date': '2016-12-20T04:04:34.000+0000'},2016-12-20,0.46165521191294395,796.76,798.65,793.27,796.42,951014.0
0.0857415417915418,{'$date': '2016-12-15T00:00:00.000+0000'},2016-12-15,0.4555459207459207,797.34,803.0,792.92,797.85,1626499.0
0.1516934046345811,{'$date': '2016-12-15T14:32:23.000+0000'},2016-12-15,0.41871657754010705,797.34,803.0,792.92,797.85,1626499.0
0.1705076272933416,{'$date': '2016-12-15T00:00:00.000+0000'},2016-12-15,0.4660791589363018,797.34,803.0,792.92,797.85,1626499.0
0.132583300537846,{'$date': '2017-01-27T00:00:00.000+0000'},2017-01-27,0.4547912567230749,834.71,841.95,820.44,823.31,2965771.0
0.1401038688774538,{'$date': '2017-01-27T00:00:00.000+0000'},2017-01-27,0.3993329521631408,834.71,841.95,820.44,823.31,2965771.0
0.054464285714285715,{'$date': '2017-01-27T00:00:00.000+0000'},2017-01-27,0.24475732600732603,834.71,841.95,820.44,823.31,2965771.0
-0.1083333333333333,{'$date': '2017-01-27T07:56:04.000+0000'},2017-01-27,0.4111111111111111,834.71,841.95,820.44,823.31,2965771.0
0.1011749482401656,{'$date': '2017-01-27T12:13:35.000+0000'},2017-01-27,0.4399124064341455,834.71,841.95,820.44,823.31,2965771.0
0.1160263347763348,{'$date': '2017-01-27T00:00:00.000+0000'},2017-01-27,0.429352877514642,834.71,841.95,820.44,823.31,2965771.0
0.2376391621846167,{'$date': '2017-01-27T00:00:00.000+0000'},2017-01-27,0.5266403209585028,834.71,841.95,820.44,823.31,2965771.0
0.008301282051282048,{'$date': '2016-12-28T05:08:33.000+0000'},2016-12-28,0.4620512820512821,793.7,794.23,783.2,785.05,1153824.0
0.13544536271809002,{'$date': '2016-12-28T13:03:16.000+0000'},2016-12-28,0.3816517447199266,793.7,794.23,783.2,785.05,1153824.0
-0.034338023088023084,{'$date': '2017-03-10T00:00:00.000+0000'},2017-03-10,0.3547276334776335,843.28,844.91,839.5,843.25,1704024.0
0.06406862745098041,{'$date': '2017-03-10T00:00:00.000+0000'},2017-03-10,0.3425490196078431,843.28,844.91,839.5,843.25,1704024.0
0.03805415263748597,{'$date': '2017-03-10T00:00:00.000+0000'},2017-03-10,0.3276445005611672,843.28,844.91,839.5,843.25,1704024.0
0.06601010101010102,{'$date': '2017-03-10T00:00:00.000+0000'},2017-03-10,0.3498989898989899,843.28,844.91,839.5,843.25,1704024.0
0.5333333333333333,{'$date': '2017-03-10T00:00:00.000+0000'},2017-03-10,0.7000000000000001,843.28,844.91,839.5,843.25,1704024.0
0.1352693602693603,{'$date': '2017-03-10T15:21:37.000+0000'},2017-03-10,0.4066077441077441,843.28,844.91,839.5,843.25,1704024.0
0.06666666666666668,{'$date': '2017-01-23T00:00:00.000+0000'},2017-01-23,0.4333333333333333,807.25,820.87,803.74,819.31,1963628.0
0.01,{'$date': '2017-01-23T00:00:00.000+0000'},2017-01-23,0.3230000000000001,807.25,820.87,803.74,819.31,1963628.0
-0.08383838383838382,{'$date': '2017-01-23T16:38:01.000+0000'},2017-01-23,0.4421436588103256,807.25,820.87,803.74,819.31,1963628.0
0.02236652236652236,{'$date': '2017-01-23T00:00:00.000+0000'},2017-01-23,0.3462481962481962,807.25,820.87,803.74,819.31,1963628.0
0.07268398268398267,{'$date': '2017-01-23T14:13:31.000+0000'},2017-01-23,0.3251082251082251,807.25,820.87,803.74,819.31,1963628.0
0.3203125,{'$date': '2017-01-23T00:00:00.000+0000'},2017-01-23,0.49375,807.25,820.87,803.74,819.31,1963628.0
0.029304511278195486,{'$date': '2017-03-02T00:00:00.000+0000'},2017-03-02,0.3139306599832916,833.85,834.51,829.64,830.63,942476.0
0.07813131313131312,{'$date': '2017-03-02T00:00:00.000+0000'},2017-03-02,0.3317171717171717,833.85,834.51,829.64,830.63,942476.0
0.11645635895635902,{'$date': '2017-03-02T00:00:00.000+0000'},2017-03-02,0.5389937989937991,833.85,834.51,829.64,830.63,942476.0
-0.004752913752913746,{'$date': '2017-03-02T00:00:00.000+0000'},2017-03-02,0.3238321678321679,833.85,834.51,829.64,830.63,942476.0
0.04308658008658009,{'$date': '2017-03-02T00:00:00.000+0000'},2017-03-02,0.3295108225108225,833.85,834.51,829.64,830.63,942476.0
0.1805097011422313,{'$date': '2017-03-02T06:46:33.000+0000'},2017-03-02,0.5009414280498617,833.85,834.51,829.64,830.63,942476.0
0.01111111111111111,{'$date': '2016-12-30T00:00:00.000+0000'},2016-12-30,0.3377899877899879,782.75,782.78,770.41,771.82,1769950.0
0.044784382284382265,{'$date': '2016-12-30T00:00:00.000+0000'},2016-12-30,0.5000291375291376,782.75,782.78,770.41,771.82,1769950.0
0.03894426723374092,{'$date': '2016-12-30T00:00:00.000+0000'},2016-12-30,0.3845139996455785,782.75,782.78,770.41,771.82,1769950.0
0.05005660048763497,{'$date': '2016-12-21T21:36:54.000+0000'},2016-12-21,0.4321011842563567,795.84,796.68,787.1,794.56,1211346.0
0.1871553788401615,{'$date': '2016-12-21T00:00:00.000+0000'},2016-12-21,0.5149471703819529,795.84,796.68,787.1,794.56,1211346.0
0.1003764351590439,{'$date': '2016-12-21T00:00:00.000+0000'},2016-12-21,0.307422830792396,795.84,796.68,787.1,794.56,1211346.0
0.02403829966329965,{'$date': '2016-12-21T00:00:00.000+0000'},2016-12-21,0.4524810606060605,795.84,796.68,787.1,794.56,1211346.0
0.1187335022700876,{'$date': '2016-12-21T09:45:11.000+0000'},2016-12-21,0.4387419491078028,795.84,796.68,787.1,794.56,1211346.0
0.1198059360730593,{'$date': '2016-12-21T00:00:00.000+0000'},2016-12-21,0.4020004348771472,795.84,796.68,787.1,794.56,1211346.0
0.061448306595365425,{'$date': '2016-12-21T00:00:00.000+0000'},2016-12-21,0.4342884729649435,795.84,796.68,787.1,794.56,1211346.0
0.1185619047619048,{'$date': '2017-02-17T09:07:29.000+0000'},2017-02-17,0.4051018759018759,823.02,828.07,821.66,828.07,1611039.0
0.06406862745098041,{'$date': '2017-02-17T00:00:00.000+0000'},2017-02-17,0.3425490196078431,823.02,828.07,821.66,828.07,1611039.0
0.05091397849462365,{'$date': '2017-02-17T00:00:00.000+0000'},2017-02-17,0.3386021505376344,823.02,828.07,821.66,828.07,1611039.0
0.05525694444444446,{'$date': '2017-02-17T00:00:00.000+0000'},2017-02-17,0.3601597222222223,823.02,828.07,821.66,828.07,1611039.0
0.005637958532695372,{'$date': '2017-02-17T09:28:08.000+0000'},2017-02-17,0.3029744816586922,823.02,828.07,821.66,828.07,1611039.0
0.1383538391433128,{'$date': '2017-03-06T05:55:10.000+0000'},2017-03-06,0.4584273182957393,826.95,828.88,822.4,827.78,1109037.0
-0.0625,{'$date': '2017-03-06T12:47:25.000+0000'},2017-03-06,0.1875,826.95,828.88,822.4,827.78,1109037.0
0.039889369889369884,{'$date': '2017-03-06T09:51:39.000+0000'},2017-03-06,0.2727970177970178,826.95,828.88,822.4,827.78,1109037.0
0.08823903396484042,{'$date': '2017-03-06T09:40:53.000+0000'},2017-03-06,0.4490348182283667,826.95,828.88,822.4,827.78,1109037.0
0.11996296296296301,{'$date': '2017-01-11T00:00:00.000+0000'},2017-01-11,0.3889259259259258,805.0,808.15,801.37,807.91,1065936.0
0.07005766369047621,{'$date': '2017-01-11T09:23:53.000+0000'},2017-01-11,0.5051748511904761,805.0,808.15,801.37,807.91,1065936.0
0.022241379310344832,{'$date': '2017-01-11T13:18:00.000+0000'},2017-01-11,0.4197126436781609,805.0,808.15,801.37,807.91,1065936.0
0.1331326081326081,{'$date': '2017-01-11T16:51:48.000+0000'},2017-01-11,0.4579152329152329,805.0,808.15,801.37,807.91,1065936.0
0.10734679622977499,{'$date': '2017-01-11T00:00:00.000+0000'},2017-01-11,0.4950057566546928,805.0,808.15,801.37,807.91,1065936.0
0.00981134878193702,{'$date': '2017-01-12T18:06:00.000+0000'},2017-01-12,0.2977644087938205,807.14,807.39,799.17,806.36,1353057.0
0.1210529054279054,{'$date': '2017-01-12T15:40:36.000+0000'},2017-01-12,0.5301656676656676,807.14,807.39,799.17,806.36,1353057.0
0.1092171717171717,{'$date': '2017-01-12T00:00:00.000+0000'},2017-01-12,0.4118912337662339,807.14,807.39,799.17,806.36,1353057.0
0.1517660208643815,{'$date': '2017-01-12T00:00:00.000+0000'},2017-01-12,0.5338648782911077,807.14,807.39,799.17,806.36,1353057.0
0.1750325752191424,{'$date': '2017-01-12T00:00:00.000+0000'},2017-01-12,0.5233505093579719,807.14,807.39,799.17,806.36,1353057.0
-0.06120507399577167,{'$date': '2017-01-12T07:38:02.000+0000'},2017-01-12,0.25509161381254397,807.14,807.39,799.17,806.36,1353057.0
0.04706295477572073,{'$date': '2017-01-12T07:18:34.000+0000'},2017-01-12,0.4510592244634797,807.14,807.39,799.17,806.36,1353057.0
0.07340277777777776,{'$date': '2016-12-19T13:13:06.000+0000'},2016-12-19,0.474019841269841,790.22,797.66,786.27,794.2,1232087.0
0.2182958152958153,{'$date': '2016-12-19T05:53:37.000+0000'},2016-12-19,0.4840786435786437,790.22,797.66,786.27,794.2,1232087.0
0.1796780303030303,{'$date': '2016-12-19T00:00:00.000+0000'},2016-12-19,0.4429545454545454,790.22,797.66,786.27,794.2,1232087.0
0.1874401913875598,{'$date': '2017-01-03T00:00:00.000+0000'},2017-01-03,0.5041866028708133,778.81,789.63,775.8,786.14,1657268.0
0.08382916901938642,{'$date': '2017-01-03T00:00:00.000+0000'},2017-01-03,0.5594120553359683,778.81,789.63,775.8,786.14,1657268.0
0.08878996312329647,{'$date': '2017-01-25T16:20:17.000+0000'},2017-01-25,0.5141996419218642,829.62,835.77,825.06,835.67,1627304.0
0.01898618538324421,{'$date': '2017-02-14T09:25:22.000+0000'},2017-02-14,0.3003542780748663,819.0,823.0,816.0,820.45,1054732.0
-0.001464646464646465,{'$date': '2017-02-14T00:00:00.000+0000'},2017-02-14,0.2964141414141414,819.0,823.0,816.0,820.45,1054732.0
0.004364332985022642,{'$date': '2017-02-14T10:21:35.000+0000'},2017-02-14,0.3411772901428075,819.0,823.0,816.0,820.45,1054732.0
0.1773824148824149,{'$date': '2017-02-14T06:13:59.000+0000'},2017-02-14,0.503147303147303,819.0,823.0,816.0,820.45,1054732.0
0.0677854938271605,{'$date': '2017-02-14T13:15:33.000+0000'},2017-02-14,0.3904320987654322,819.0,823.0,816.0,820.45,1054732.0
-0.047754097754097766,{'$date': '2017-02-16T00:00:00.000+0000'},2017-02-16,0.3481536981536982,819.93,824.4,818.98,824.16,1287626.0
0.03537614955525402,{'$date': '2017-02-23T00:00:00.000+0000'},2017-02-23,0.391828735112317,830.12,832.46,822.88,831.33,1472771.0
0.0694021739130435,{'$date': '2017-02-23T00:00:00.000+0000'},2017-02-23,0.3295108695652174,830.12,832.46,822.88,831.33,1472771.0
0.012239858906525571,{'$date': '2017-02-23T04:47:56.000+0000'},2017-02-23,0.2446384479717813,830.12,832.46,822.88,831.33,1472771.0
0.2277777777777778,{'$date': '2017-02-23T17:28:55.000+0000'},2017-02-23,0.5694444444444444,830.12,832.46,822.88,831.33,1472771.0
0.07394055106319257,{'$date': '2017-02-23T14:04:45.000+0000'},2017-02-23,0.4631888289907157,830.12,832.46,822.88,831.33,1472771.0
0.2288277511961722,{'$date': '2017-02-23T16:37:54.000+0000'},2017-02-23,0.4820574162679425,830.12,832.46,822.88,831.33,1472771.0
0.1937777777777778,{'$date': '2017-01-06T12:41:53.000+0000'},2017-01-06,0.5042222222222223,795.26,807.9,792.2,806.15,1640170.0
0.05136054421768707,{'$date': '2017-01-06T16:54:54.000+0000'},2017-01-06,0.5338321995464852,795.26,807.9,792.2,806.15,1640170.0
0.04782828282828282,{'$date': '2017-02-24T00:00:00.000+0000'},2017-02-24,0.3241414141414141,827.73,829.0,824.2,828.64,1392202.0
0.1350852272727273,{'$date': '2017-02-24T17:12:31.000+0000'},2017-02-24,0.490909090909091,827.73,829.0,824.2,828.64,1392202.0
0.1319033530571992,{'$date': '2017-02-24T14:15:00.000+0000'},2017-02-24,0.5413214990138067,827.73,829.0,824.2,828.64,1392202.0
0.1401587301587301,{'$date': '2017-02-24T00:00:00.000+0000'},2017-02-24,0.5757142857142857,827.73,829.0,824.2,828.64,1392202.0
0.3208333333333333,{'$date': '2017-02-24T15:55:10.000+0000'},2017-02-24,0.5341666666666667,827.73,829.0,824.2,828.64,1392202.0
-0.08888888888888889,{'$date': '2017-01-20T00:00:00.000+0000'},2017-01-20,0.3944444444444444,806.91,806.91,801.69,805.02,1670045.0
-0.0111969111969112,{'$date': '2017-01-20T00:00:00.000+0000'},2017-01-20,0.2442084942084942,806.91,806.91,801.69,805.02,1670045.0
0.1281770833333334,{'$date': '2017-01-10T15:37:51.000+0000'},2017-01-10,0.4472569444444445,807.86,809.13,803.51,804.79,1176780.0
0.027755144398980018,{'$date': '2017-01-10T00:00:00.000+0000'},2017-01-10,0.2954406096186918,807.86,809.13,803.51,804.79,1176780.0
0.1461251692179527,{'$date': '2017-01-10T00:00:00.000+0000'},2017-01-10,0.4587721099061304,807.86,809.13,803.51,804.79,1176780.0
0.1987462006079028,{'$date': '2017-01-09T05:15:08.000+0000'},2017-01-09,0.5183763931104358,806.4,809.97,802.83,806.65,1274645.0
0.1627777777777778,{'$date': '2017-01-09T14:39:30.000+0000'},2017-01-09,0.4679365079365079,806.4,809.97,802.83,806.65,1274645.0
0.1108137358137358,{'$date': '2017-01-09T16:28:27.000+0000'},2017-01-09,0.4137592137592138,806.4,809.97,802.83,806.65,1274645.0
0.1481060606060606,{'$date': '2017-01-24T15:34:59.000+0000'},2017-01-24,0.3742424242424242,822.3,825.9,817.82,823.87,1474010.0
0.1941919191919192,{'$date': '2017-01-24T09:05:00.000+0000'},2017-01-24,0.5600448933782266,822.3,825.9,817.82,823.87,1474010.0
0.1413261648745519,{'$date': '2016-12-23T00:00:00.000+0000'},2016-12-23,0.4693727598566307,790.9,792.74,787.28,789.91,623944.0
0.02242647058823529,{'$date': '2016-12-23T00:00:00.000+0000'},2016-12-23,0.4018382352941176,790.9,792.74,787.28,789.91,623944.0
-0.054838709677419384,{'$date': '2016-12-23T09:15:01.000+0000'},2016-12-23,0.4333333333333335,790.9,792.74,787.28,789.91,623944.0
0.0002546296296296255,{'$date': '2017-03-07T00:00:00.000+0000'},2017-03-07,0.3948842592592594,827.4,833.41,826.52,831.91,1037630.0
0.09628035008469793,{'$date': '2017-03-07T00:00:00.000+0000'},2017-03-07,0.3795407491059665,827.4,833.41,826.52,831.91,1037630.0
0.1209626436781609,{'$date': '2017-02-01T00:00:00.000+0000'},2017-02-01,0.3872577996715927,799.68,801.19,791.19,795.7,2029744.0
0.1724213113275613,{'$date': '2017-02-01T06:32:32.000+0000'},2017-02-01,0.4285439213564216,799.68,801.19,791.19,795.7,2029744.0
0.067444120505345,{'$date': '2017-01-31T14:16:04.000+0000'},2017-01-31,0.40860058309037894,796.86,801.25,790.52,796.79,2160556.0
0.004320728291316519,{'$date': '2016-12-14T02:48:12.000+0000'},2016-12-14,0.3504761904761904,797.4,804.0,794.01,797.07,1704150.0
0.2226750588592694,{'$date': '2016-12-14T00:00:00.000+0000'},2016-12-14,0.5531802992329308,797.4,804.0,794.01,797.07,1704150.0
0.1388420862762968,{'$date': '2016-12-14T04:00:13.000+0000'},2016-12-14,0.4218904268246374,797.4,804.0,794.01,797.07,1704150.0
-0.03998443077390445,{'$date': '2016-12-07T00:00:00.000+0000'},2016-12-07,0.5201545530492899,761.0,771.36,755.8,771.19,1760966.0
0.1319047619047619,{'$date': '2016-12-07T15:15:49.000+0000'},2016-12-07,0.4815238095238095,761.0,771.36,755.8,771.19,1760966.0
0.08616771159874609,{'$date': '2017-02-13T00:00:00.000+0000'},2017-02-13,0.3768808777429468,816.0,820.96,815.49,819.24,1213324.0
0.1461564171122995,{'$date': '2017-02-13T18:00:14.000+0000'},2017-02-13,0.4472370766488415,816.0,820.96,815.49,819.24,1213324.0
0.1383835833078257,{'$date': '2017-01-17T05:30:53.000+0000'},2017-01-17,0.4719959697990001,807.08,807.14,800.37,804.61,1362115.0
0.1194100091827364,{'$date': '2016-12-29T13:23:44.000+0000'},2016-12-29,0.4988751147842057,783.33,785.93,778.92,782.79,744272.0
0.1106060606060606,{'$date': '2016-12-29T00:00:00.000+0000'},2016-12-29,0.4148989898989899,783.33,785.93,778.92,782.79,744272.0
0.1060457687473816,{'$date': '2016-12-29T17:32:00.000+0000'},2016-12-29,0.4887009495880464,783.33,785.93,778.92,782.79,744272.0
0.01630434782608696,{'$date': '2016-12-16T16:43:20.000+0000'},2016-12-16,0.4778985507246377,800.4,800.86,790.29,790.8,2443796.0
0.05833333333333333,{'$date': '2017-02-22T16:17:36.000+0000'},2017-02-22,0.35,828.66,833.25,828.64,830.76,987248.0
0.028171614100185517,{'$date': '2017-02-22T09:44:20.000+0000'},2017-02-22,0.3421808905380335,828.66,833.25,828.64,830.76,987248.0
0.044610389610389614,{'$date': '2017-02-22T10:43:04.000+0000'},2017-02-22,0.2931060606060605,828.66,833.25,828.64,830.76,987248.0
0.04798190235690236,{'$date': '2017-03-09T00:00:00.000+0000'},2017-03-09,0.2970307239057239,836.0,842.0,834.21,838.68,1261517.0
0.09616190866190867,{'$date': '2017-03-09T14:49:19.000+0000'},2017-03-09,0.3878105378105379,836.0,842.0,834.21,838.68,1261517.0
0.1089506172839506,{'$date': '2017-02-03T00:00:00.000+0000'},2017-02-03,0.4791446208112874,802.99,806.0,800.37,801.49,1463448.0
